x_norm,y_norm,z_norm
-0.4896135514498541,0.19814379784285843,-0.026327202534682896
-0.4896135514498541,0.19814379784285843,-0.026327202534682896
-0.48435345737932267,0.1957896585808867,-0.030338133186072286
-0.4796193727158443,0.19367093324511214,-0.033947970772322776
-0.4753586965187138,0.19176408044291504,-0.03719682459994809
-0.47152408794129635,0.19004791292093767,-0.040120793044810865
-0.4680729402216207,0.188503362151158,-0.042752364645187634
-0.4649669072739126,0.18711326645835633,-0.04512077908552655
-0.4621714776209753,0.18586218033483481,-0.04725235208183166
-0.46491568500386315,0.180027924299722,-0.06120355973267438
-0.46738547164846217,0.17477709386812046,-0.07375964661843273
-0.46960827962860135,0.17005134647967912,-0.08506012481561538
-0.4716088068107266,0.16579817383008186,-0.09523055519307991
-0.4734092812746393,0.16197031844544432,-0.10438394253279762
-0.4750297082921608,0.15852524859927056,-0.11262199113854392
-0.47648809260793007,0.15542468573771417,-0.12003623488371537
-0.47780063849212245,0.15263417916231342,-0.12670905425436985
-0.4842420238584271,0.14306030545853757,-0.15276924494490568
-0.4900392706881012,0.13444381912513928,-0.17622341656638807
-0.49525679283480795,0.12668898142508084,-0.19733217102572204
-0.499952562766844,0.11970962749502825,-0.21633005003912278
-0.5041787557056765,0.11342820895798089,-0.23342814115118318
-0.5079823293506257,0.1077749322746383,-0.24881642315203764
-0.51140554563108,0.10268698325962995,-0.26266587695280685
-0.5197465343540203,0.1028161076700659,-0.27914131602488856
-0.5272534242046666,0.10293231963945824,-0.29396921118976177
-0.5340096250702483,0.10303691041191136,-0.30731431683814775
-0.5400902058492717,0.10313104210711915,-0.31932491192169515
-0.5455627285503929,0.10321576063280617,-0.33013444749688764
-0.5504879989814019,0.1032920073059245,-0.33986302951456104
-0.55492074236931,0.10336062931173098,-0.3486187533304671
-0.5273496469952387,0.11283894616484373,-0.3404551821592251
-0.5025356611585744,0.12136943133264519,-0.3331079681051073
-0.4802030739055766,0.12904686798366652,-0.32649547545640106
-0.46010374537787857,0.1359565609695857,-0.32054423207256555
-0.4420143497029503,0.14217528465691295,-0.31518811302711347
-0.42573389359551483,0.1477721359755075,-0.3103676058862068
-0.411081483098823,0.15280930216224262,-0.3060291494593908
-0.40315440772233174,0.16440516951621936,-0.3221791919322031
-0.3960200398834896,0.17484145013479843,-0.33671423015773444
-0.3895991088285317,0.1842341026915196,-0.34979576456071265
-0.3838202708790695,0.19268748999256868,-0.361569145523393
-0.3786193167245536,0.20029553856351281,-0.3721651883898054
-0.37393845798548925,0.20714278227736255,-0.3817016269695764
-0.3697256851203314,0.21330530161982733,-0.3902844216913702
-0.3922346598943465,0.2164974297660739,-0.4060307982437635
-0.41249273719096025,0.2193703450976958,-0.4202025371409174
-0.43072500675791253,0.22195596889615551,-0.4329571021483561
-0.4471340493681696,0.22428303031476923,-0.4444362106550509
-0.46190218771740094,0.2263773855915216,-0.45476740831107626
-0.4751935122317092,0.22826230534059874,-0.464065486201499
-0.48715570429458654,0.22995873311476817,-0.4724337563028795
-0.45058083051639314,0.245610353683351,-0.44787775418300685
-0.417663444116019,0.2596968121950755,-0.4257773522751215
-0.38803779635568236,0.2723746248556276,-0.40588699055802435
-0.36137471337137933,0.28378465625012445,-0.38798566501263704
-0.3373779386855066,0.29405368450517166,-0.37187447202178875
-0.31578084146822116,0.30329580993471417,-0.35737439833002516
-0.29634345397266426,0.3116137228213024,-0.34432433200743773
-0.2420291467329429,0.326162262205147,-0.3205464803629409
-0.19314627021719363,0.33925594765060707,-0.29914641388289415
-0.1491516813530193,0.3510402645515212,-0.2798863540508517
-0.1095565513752624,0.36164614976234394,-0.2625523002020135
-0.0739209343952812,0.3711914464520843,-0.24695165173805914
-0.041848879113298106,0.37978221347285074,-0.23291106812050036
-0.012984029359513326,0.3875139037915405,-0.22027454286469722
0.028774617630487345,0.42036795696005025,-0.1928579475289169
0.06635739992148794,0.44993660481170905,-0.16818301172671474
0.1001819039833885,0.476548387878202,-0.14597556950473278
0.13062395763909898,0.5004989926380455,-0.1259888715049491
0.15802180592923845,0.5220545369219048,-0.10800084330514394
0.18267986939036396,0.5414545267773782,-0.09181161792531924
0.20487212650537692,0.558914517647304,-0.07724131508347665
0.24062544012048295,0.6075864590978416,-0.0440733892688717
0.27280342237407834,0.6513912064033255,-0.014222256035727287
0.3017636064023142,0.6908154789782609,0.012643763874102995
0.3278277720277265,0.7262973242957028,0.03682318179294994
0.3512855210905976,0.7582309850814004,0.05858465791991246
0.3723974952471816,0.7869712797885283,0.07816998643417845
0.39139827198810706,0.8128375450249434,0.09579678209701821
0.4610999117602546,0.887908247501095,0.16781392731302527
0.5238313875551874,0.9554718797296315,0.232629358007431
0.5802897157706268,1.0162791487353144,0.29096324563239645
0.6311022111645225,1.0710056908404288,0.3434637444948656
0.6768334570190284,1.120259578735032,0.39071419347108743
0.7179915782880839,1.164588077840175,0.43323959754968727
0.7550338874302338,1.2044837270348034,0.4715124612204273
0.8462330004340147,1.2639312039296864,0.5621110676435443
0.9283122021374175,1.3174339331350808,0.6436498134243502
1.0021834836704802,1.3655863894199358,0.7170346846270756
1.0686676370502364,1.4089236000763055,0.7830810687095285
1.128503375092017,1.447927089667038,0.8425228143837363
1.18235553932962,1.4830302302986973,0.8960203854905234
1.230822487143462,1.5146230568671906,0.9441681994866318
1.2902230223875144,1.505390372587287,1.0316214692484116
1.3436835041071618,1.4970809567353738,1.1103294120340133
1.3917979376548442,1.489602482468652,1.1811665605410548
1.4351009278477584,1.4828718556286025,1.2449199941973923
1.4740736190213812,1.4768142914725577,1.3022980844880965
1.5091490410776418,1.4713624837321173,1.35393836574973
1.5407169209282763,1.466455856765721,1.4004146188851998
1.5060068839474698,1.4126029679945584,1.4302104547529548
1.474767850664744,1.3641353681005122,1.4570267070339347
1.4466527207102908,1.3205145281958703,1.481161334086817
1.4213491037512833,1.2812557722816926,1.5028824984344105
1.3985758484881763,1.245922891958933,1.5224315463472449
1.3780799187513801,1.2141232996684488,1.5400256894687958
1.3596335819882635,1.1855036666070133,1.5558604182781917
1.3167314085488009,1.1056007938263717,1.5901663274635944
1.2781194524532848,1.0336882083237942,1.6210416457304568
1.2433686919673201,0.9689668813714745,1.6488294321706332
1.212093007529952,0.9107176871143866,1.6738384399667916
1.1839448915363207,0.8582934122830076,1.6963465469833343
1.1586115871420526,0.8111115649347665,1.7166038432982227
1.1358116131872111,0.7686479023213497,1.7348354099816223
1.104771448486791,0.6598064281101227,1.747232889345293
1.0768353002564128,0.5618491013200182,1.758390620772597
1.0516927668490725,0.4736875072089243,1.7684325790571707
1.0290644867824663,0.39434207250893977,1.7774703415132862
1.0086990347225206,0.32293118127895365,1.7856043277237905
0.9903701278685695,0.2586613791719662,1.7929249153132443
0.9738741117000135,0.2008185572756774,1.7995134441437526
0.9590276971483132,0.14876001756901755,1.80544312009121
0.8825447952054054,0.03128315397387192,1.782703313884196
0.8137101834567885,-0.07444602326175916,1.762237488297883
0.7517590328830333,-0.16960228277382713,1.7438182452702014
0.6960029973666535,-0.2552429163346883,1.7272409265452875
0.6458225654019117,-0.33231948653946336,1.7123213396928656
0.6006601766336441,-0.40168839972376097,1.6988937115256855
0.5600140267422032,-0.46412042158962874,1.6868088461752235
0.4129705163587459,-0.5320799375787684,1.5796701317264636
0.28063135701363423,-0.5932435019689941,1.4832452887225793
0.16152611360303376,-0.6482907099201972,1.396462930019083
0.054331394533493345,-0.69783319707628,1.3183588071859362
-0.04214385262909303,-0.7424214355167545,1.2480650966361044
-0.12897157507542076,-0.7825508501131816,1.1848007571412553
-0.20711652527711572,-0.8186673232499659,1.127862851595891
-0.31952773302289283,-0.8864842380026478,1.0164547768342231
-0.4206978199940923,-0.9475194612800615,0.9161875095487217
-0.5117508982681718,-1.0024511622297338,0.8259469689917709
-0.5936986687148433,-1.051889693084439,0.744730482490515
-0.6674516621168477,-1.0963843708536736,0.6716356446393845
-0.7338293561786516,-1.1364295808459848,0.6058502905733671
-0.7935692808342752,-1.1724702698390648,0.546643471913951
-0.842075118953805,-1.2472813966483278,0.4412152366524152
-0.8857303732613818,-1.3146114107766644,0.3463298249170329
-0.925020102138201,-1.3752084234921675,0.2609329543551887
-0.9603808581273381,-1.4297457349361204,0.1840757708495287
-0.9922055385175615,-1.478829315235678,0.11490430569443472
-1.0208477508687626,-1.5230045375052794,0.052649987054850224
-1.0466257419848435,-1.562762237547921,-0.003378899720775688
-1.017224993284002,-1.593835889062355,-0.07385955107578594
-0.9907643194532444,-1.6218021754253455,-0.13729213729529544
-0.9669497130055628,-1.6469718331520369,-0.19438146489285368
-0.9455165672026493,-1.6696245251060593,-0.2457618597306563
-0.926226735980027,-1.6900119478646793,-0.2920042150846788
-0.908865887879667,-1.7083606283474373,-0.3336223349032989
-0.8932411245893431,-1.7248744407819196,-0.3710786427400568
-0.8739187435575202,-1.7350285934490102,-0.46094234891259045
-0.8565286006288793,-1.7441673308493917,-0.5418196844678707
-0.8408774719931025,-1.7523921945097352,-0.6146092864676231
-0.8267914562209033,-1.759794571804044,-0.6801199282674003
-0.8141140420259242,-1.7664567113689222,-0.7390795058871994
-0.8027043692504431,-1.7724526369773126,-0.7921431257450187
-0.7924356637525098,-1.7778489700248636,-0.839900383617056
-0.7884539228749016,-1.737977023790197,-0.9350240141699516
-0.7848703560850543,-1.702092272178997,-1.0206352816675575
-0.7816451459741914,-1.669795995728917,-1.0976854224154031
-0.778742456874415,-1.6407293469238453,-1.1670305490884636
-0.7761300366846162,-1.6145693629992806,-1.2294411630942181
-0.7737788585137974,-1.591025377467172,-1.285610715699397
-0.7716627981600603,-1.5698357904882747,-1.3361633130440584
-0.7592381557006341,-1.4989740984438893,-1.4057262345625898
-0.7480559774871506,-1.4351985756039423,-1.4683328639292679
-0.7379920170950154,-1.37780060504799,-1.5246788303592782
-0.7289344527420937,-1.3261424315476331,-1.5753902001462876
-0.7207826448244641,-1.2796500753973117,-1.6210304329545961
-0.7134460176985974,-1.2378069548620223,-1.6621066424820738
-0.7068430532853174,-1.2001481463802621,-1.699075231056804
-0.6588196327491138,-1.1168182942452716,-1.7283360301226716
-0.6155985542665305,-1.04182142732378,-1.7546707492819527
-0.5766995836322056,-0.9743242470944377,-1.7783719965253053
-0.5416905100613132,-0.9135767848880296,-1.799703119044323
-0.51018234384751,-0.8589040689022623,-1.8189011293114385
-0.4818249942550872,-0.8096986245150718,-1.836179338551843
-0.4563033796219066,-0.7654137245666002,-1.8517297268682067
-0.43859402052257557,-0.6502248582298805,-1.8777578683071023
-0.4226555973331776,-0.5465548785268328,-1.9011831956021081
-0.40831101646271944,-0.45325189679408984,-1.9222659901676138
-0.3954008936793071,-0.3692792132346213,-1.9412405052765687
-0.383781783174236,-0.29370379803109953,-1.958317568874628
-0.3733245837196719,-0.22568592434792994,-1.9736869261128815
-0.3639131042105643,-0.16446983803307735,-1.9875193476273096
-0.3291423022997102,-0.05993843584830371,-1.9919466656875162
-0.29784858057994146,0.03413982611799254,-1.995931251941702
-0.2696842310321496,0.11881026188765918,-1.9995173795704693
-0.24433631643913697,0.19501365408035912,-2.00274489443636
-0.22152319330542558,0.2635967070537891,-2.0056496578156615
-0.20099138248508533,0.32532145472987606,-2.0082639448570325
-0.18251275274677908,0.38087372763835436,-2.010616803194267
-0.11854113934752038,0.4614745836616172,-1.9766359998352732
-0.06096668728818755,0.5340153540825539,-1.9460532768121788
-0.009149680434787994,0.5993020474613967,-1.9185288260913937
0.0374856257332716,0.6580600715023552,-1.8937568204426876
0.07945740128452523,0.7109422931392181,-1.871462015358852
0.1172319992806535,0.7585362926123945,-1.8513966907833996
0.15122913747716898,0.8013708921382534,-1.8333378986654927
0.21864722034775305,0.8917130954749044,-1.7649428872913144
0.2793234949312788,0.9730210784778903,-1.703387377054554
0.3339321420564519,1.0461982631805775,-1.6479874178414695
0.3830799244691077,1.112057729412996,-1.5981274545496937
0.42731292864049797,1.1713312490221728,-1.5532534875870956
0.4671226323947492,1.2246774166704317,-1.5128669173207574
0.5029513657735754,1.272688967553865,-1.4765190040810527
0.572017884308239,1.3629821485883893,-1.3996856450000352
0.6341777509894362,1.444246011519461,-1.3305356218271196
0.6901216310025137,1.517383488157426,-1.2683006009714954
0.7404711230142835,1.583207217131594,-1.2122890822014336
0.7857856658248763,1.6424485732083454,-1.1618787153083778
0.8265687543544098,1.6957657936774218,-1.1165093851046277
0.8632735340309899,1.7437512920995906,-1.075676987921253
0.9489087764452268,1.8269586081330618,-0.9266217722173128
1.0259804946180398,1.9018451925631856,-0.7924720780837666
1.0953450409735717,1.969243118550297,-0.6717373533635748
1.1577731326935503,2.0299012519386976,-0.5630761011154024
1.213958415241531,2.084493571988258,-0.46528097409204733
1.2645251695347135,2.133626660032862,-0.3772653597710279
1.310035248398578,2.177846439273006,-0.29805130688211035
1.3509943193760559,2.217644240589136,-0.22675865928208455
1.36681710697366,2.27700365439337,-0.1385296925337247
1.381057615811504,2.33042712681718,-0.059123622460201045
1.3938740737655635,2.378508251998609,0.012341840605970399
1.4054088859242169,2.4217812646618966,0.0766607573655246
1.4157902168670051,2.4607269760588535,0.13454778244912335
1.4251334147155144,2.4957781163161155,0.18664610502436227
1.4335422927791728,2.527324142547651,0.2335345953420768
1.4148098126838082,2.543944869846175,0.291777959233578
1.3979505805979802,2.558903524414846,0.34419698673592863
1.3827772717207347,2.572366313526651,0.39137411148804463
1.3691212937312138,2.5844828237272743,0.4338335237649487
1.3568309135406453,2.5953876829078357,0.47204699481416207
1.3457695713691333,2.605202056170341,0.506439118758454
1.3358143634147728,2.614034992106596,0.5373920303083177
1.3531551466085054,2.5866725455196486,0.6214026798226461
1.3687618514828648,2.562046343591397,0.6970122643855414
1.3828078858697883,2.5398827618559703,0.7650608904921475
1.3954493168180195,2.519935538294086,0.8263046539880933
1.4068266046714273,2.5019830370883906,0.8814240411344446
1.4170661637394943,2.4858257860032644,0.9310314895661608
1.4262817669007546,2.4712842600266502,0.9756781931547046
1.434575809745889,2.4016975443603767,1.0319039489899517
1.44204044830651,2.3390695002607305,1.0825071292416748
1.4487586230110687,2.282704260571049,1.1280499914682247
1.454804980245172,2.2319755448503353,1.1690385674721198
1.4602467017558645,2.1863197007016937,1.2059282858756257
1.4651442511154877,2.1452294409679156,1.2391290324387807
1.4695520455391489,2.1082482072075153,1.26900970434562
1.4682589664499122,2.0043409189640036,1.2798585864562189
1.4670951952695992,1.9108243595448429,1.2896225803557573
1.4660478012073175,1.8266594560675984,1.298410174865342
1.4651051465512641,1.7509110429380783,1.3063190099239679
1.464256757360816,1.6827374711215102,1.3134369614767314
1.4634932070894129,1.6213812564865993,1.3198431178742187
1.46280601184515,1.5661606633151792,1.3256086586319566
1.493748100548502,1.4105258626721733,1.3067320614055846
1.5215959803815187,1.270454542093468,1.2897431239018504
1.5466590722312341,1.1443903535726334,1.274453080148489
1.5692158548959778,1.030932583903882,1.2606920407704645
1.589516959294247,0.9288205912020059,1.2483071053302417
1.6077879532526895,0.8369197977703173,1.2371606634340413
1.6242318478152875,0.7542090836817976,1.227128865727461
1.6232510707100316,0.5997287060950912,1.1659581493234772
1.6223683713153012,0.46069636626705546,1.1109045045598906
1.6215739418600439,0.3355672604218233,1.061356224272663
1.6208589553503123,0.22295106516111432,1.0167627720141594
1.6202154674915537,0.12159648942647626,0.9766286649815062
1.619636328418671,0.030377371265301996,0.9405079686521172
1.6191151032530766,-0.051719835079754826,0.9079993419556668
1.5818253421103214,-0.18210666307762738,0.8185776181580217
1.5482645570818419,-0.29945480827571264,0.7380980667401403
1.5180598505562102,-0.40506813895398935,0.6656664704640476
1.4908756146831417,-0.5001201365644384,0.6004780338155635
1.4664098023973802,-0.5856669344138427,0.5418084408319281
1.4443905713401948,-0.6626590524783066,0.48900580714665576
1.4245732633887278,-0.731951958736324,0.44148343682991104
1.406737686232408,-0.7943155743685397,0.3987133035448413
1.3065241616632164,-0.8669218032713358,0.2800015705604908
1.2163319895509441,-0.9322674092838525,0.17316101087457506
1.1351590346498992,-0.9910784546951174,0.07700450715725081
1.0621033752389586,-1.044008395565256,-0.009536346188340959
0.9963532817691121,-1.0916453423483805,-0.08742311419937346
0.9371781976462503,-1.1345185944531928,-0.15752120540930276
0.8839206219356748,-1.1731045213475235,-0.22060948749823917
0.7623474868087161,-1.2431439444819972,-0.3375529011491227
0.6529316651944536,-1.3061794253030234,-0.4428019734349179
0.5544574257416172,-1.3629113580419472,-0.5375261384921336
0.46583061023406436,-1.4139700975069784,-0.6227778870436276
0.3860664762772669,-1.4599229630255064,-0.6995044607399724
0.31427875571614916,-1.5012805419921817,-0.7685583770666828
0.17076839615317135,-1.5220233882283876,-0.8587834163204477
0.04160907254649132,-1.5406919498409728,-0.939985951648836
-0.07463431869952068,-1.5574936552922993,-1.013068233444385
-0.17925337082093148,-1.5726151901984933,-1.07884228706038
-0.2734105177302012,-1.586224571614068,-1.1380389353147748
-0.35815194994854394,-1.598473014888085,-1.1913159187437306
-0.43441923894505247,-1.6094966138347004,-1.2392652038297904
-0.50305979904191,-1.6194178528866543,-1.2824195604072444
-0.6595179963986482,-1.625992828771441,-1.3573568571894574
-0.8003303740197124,-1.631910307067749,-1.4248004242934487
-0.9270615138786702,-1.6372360375344264,-1.485499634687041
-1.041119539751732,-1.6420291949544359,-1.540128924041274
-1.143771763037488,-1.6463430366324443,-1.5892952844600838
-1.2361587639946683,-1.6502254941426522,-1.6335450088370127
-1.3193070648561305,-1.653719705901839,-1.6733697607762488
-1.4257011000546351,-1.63332310386539,-1.7052011068701718
-1.5214557317332895,-1.6149661620325857,-1.7338493183547026
-1.6076349002440784,-1.5984449143830621,-1.7596327086907801
-1.6851961519037886,-1.5835757914984907,-1.7828377599932501
-1.7550012783975275,-1.5701935809023766,-1.803722306165473
-1.8178258922418926,-1.558149591365874,-1.822518397720474
-1.8743680447018212,-1.5473100007830214,-1.8394348801199745
-1.7990137242230022,-1.5257836729485956,-1.7864738932059054
-1.731194835792065,-1.5064099778976123,-1.7388090049832436
-1.6701578362042215,-1.4889736523517272,-1.695910605582848
-1.6152245365751623,-1.4732809593604308,-1.6573020461224919
-1.5657845669090091,-1.459157535668264,-1.622554342608171
-1.5212885942094714,-1.4464464543453137,-1.5912814094452827
-1.4812422187798873,-1.4350064811546586,-1.5631357695986832
-1.3084380350594436,-1.375273580781663,-1.4535751500575664
-1.1529142697110442,-1.3215139704459669,-1.3549705924705613
-1.012942880897485,-1.2731303211438405,-1.2662264906422567
-0.8869686309652813,-1.2295850367719268,-1.1863567989967825
-0.7735918060262983,-1.1903942808372043,-1.1144740765158558
-0.6715526635812136,-1.155122600495954,-1.049779626283022
-0.44821508361735074,-1.0221500999240445,-0.8672157708804001
-0.24721126164987434,-0.9024748494093259,-0.7029083010180407
-0.06630782187914555,-0.7947671239460793,-0.5550315781419174
0.09650527391451036,-0.6978301710291572,-0.4219425275534061
0.2430370601288007,-0.6105869134039275,-0.3021623820237463
0.37491566772166196,-0.5320679815412206,-0.19436025104705212
0.4936064145552372,-0.46140094286478445,-0.0973383331680275
0.6004280867054548,-0.39780060805599193,-0.01001860707690547
0.8122896611923428,-0.23226990067737924,0.16483148203844974
1.002965078230542,-0.08329226403662783,0.3221965622422695
1.174572953564921,0.05078760894004844,0.46382513442570683
1.3290200413658624,0.17145949461905707,0.5912908493908011
1.4680224203867094,0.28006419173016484,0.7060099928593856
1.5931245615054719,0.3778084191301619,0.8092572219811112
1.7057164885123581,0.46577822379015915,0.9021797281906646
1.8070492228185557,0.5449510479841567,0.9858099837792627
1.9718900006815738,0.6844766283559346,1.1092083816256733
2.1202467007582904,0.8100496506905347,1.2202669396874433
2.2537677308273354,0.9230653707916747,1.3202196419430359
2.3739366578894754,1.0247795188827007,1.4101770739730692
2.482088692245402,1.116322252164624,1.4911387628000992
2.5794255231657353,1.1987107121183553,1.564004282744426
2.6407282006413784,1.3011099972203741,1.5774411522262592
2.695900610369457,1.393269353812191,1.5895343347599085
2.7455557791247274,1.4762127747448264,1.6004181990401931
2.7902454310044713,1.5508618535841978,1.6102136768924493
2.8304661176962407,1.6180460245396322,1.6190296069594796
2.8666647357188326,1.6785117783995231,1.6269639440198067
2.899243491939166,1.732930956873425,1.6341048473741018
2.8864836199732142,1.7677833819281064,1.5803677006221257
2.874999735203857,1.7991505644773196,1.5320042685453472
2.8646642389114363,1.8273810287716117,1.4884771796762468
2.855362292248258,1.8527884466364744,1.4493027996940557
2.846990540251397,1.8756551227148508,1.4140458577100847
2.839455963454222,1.8962351311853898,1.3823146099245105
2.832674844336765,1.9147571388088744,1.3537564869174934
2.731890143861487,1.922010388622124,1.2277809099264443
2.641183913433737,1.9285383134540486,1.1144028906344998
2.5595483060487614,1.9344134458027806,1.0123626732717494
2.486076259402284,1.9397010649166395,0.9205264776452742
2.419951417420454,1.9444599221191126,0.8378739015814463
2.360439059636807,1.9487428936013382,0.7634865831240019
2.306877937631525,1.9525975679353416,0.6965379965123017
2.1797715167687994,1.9301712429542555,0.5520547248825945
2.0653757379923463,1.9099875504712778,0.42201978041585797
1.962419537093539,1.891822227236598,0.3049883303957954
1.8697589562846118,1.8754734363253862,0.19966002537773855
1.7863644335565778,1.8607595245052955,0.1048645508614876
1.7113093631013467,1.847517003867214,0.0195486237968615
1.6437597996916389,1.8355987352929404,-0.05723571056130191
1.5198440637765245,1.7942684831704618,-0.190516501905879
1.4083199014529213,1.7570712562602315,-0.31046921411599854
1.3079481553616785,1.7235937520410238,-0.41842665510510635
1.21761358387956,1.6934639982437372,-0.5155883519953034
1.1363124695456535,1.6663472198261788,-0.6030338791964804
1.0631414666451375,1.6419421192503767,-0.6817348536775399
0.9972875640346733,1.6199775287321545,-0.7525657307104933
0.9380190516852553,1.6002093972657545,-0.8163135200401516
0.8320764498654647,1.537689432968532,-0.9258286289049054
0.7367281082276531,1.4814214651010318,-1.0243922268831842
0.6509146007536226,1.4307802940202814,-1.1130994650636348
0.5736824440269952,1.3852032400476062,-1.1929359794260403
0.5041735029730304,1.3441838914721984,-1.2647888423522056
0.4416154560244622,1.3072664777543312,-1.3294564189857543
0.3853132137707508,1.274040805408251,-1.387657237955948
0.34516138388347345,1.1664511046517116,-1.4681144895888476
0.30902473698492383,1.0696203739708263,-1.5405260160584575
0.2765017547762291,0.9824727163580296,-1.6056963898811065
0.24723107078840392,0.9040398245065125,-1.6643497263214908
0.22088745519936126,0.8334502218401472,-1.7171377291178367
0.19717820116922286,0.7699195794404183,-1.764646931634548
0.17583987254209826,0.7127420012806623,-1.8074052138995884
0.18819594120087485,0.5765331675058999,-1.8178111533783987
0.19931640299377382,0.45394521710861363,-1.8271764989093282
0.20932481860738286,0.34361606175105597,-1.8356053098871647
0.218332392659631,0.24431982192925408,-1.8431912397672177
0.22643920930665437,0.15495320608963242,-1.8500185766592652
0.23373534428897538,0.0745232518339729,-1.856163179862108
0.24030186577306428,0.0021362930038793266,-1.8616933227446666
0.2462117351087443,-0.14069856558827182,-1.8185392835222967
0.2515306175108563,-0.26924993832120786,-1.7797006482221636
0.25631761167275713,-0.3849461737808503,-1.744745876452044
0.26062590641846783,-0.48907278569452844,-1.7132865818589365
0.2645033716896075,-0.5827867364168388,-1.6849732167251394
0.26799309043363323,-0.6671292920669182,-1.659491188104722
0.2711338373032563,-0.7430375921519896,-1.6365573623463465
0.28448069762698003,-0.9196454682792533,-1.5517420287415784
0.29649287191833135,-1.0785925567937906,-1.4754082284972871
0.3073038287805475,-1.2216449364568742,-1.4067078082774254
0.3170336899565421,-1.3503920781536496,-1.3448774300795496
0.3257905650149372,-1.4662645056807473,-1.2892300897014612
0.3336717525674928,-1.5705496904551353,-1.239147483361182
0.34076482136479286,-1.6644063567520844,-1.1940731376549305
0.3997495239876775,-1.8147932557545468,-1.04922202958318
0.4528357563482737,-1.9501414648567628,-0.9188560323186044
0.5006133654728102,-2.0719548530487577,-0.8015266347804865
0.5436132136848931,-2.181586902421553,-0.6959301769961806
0.5823130770757677,-2.2802557468570686,-0.6008933649903051
0.6171429541275548,-2.369057706849033,-0.5153602341850172
0.6484898434741633,-2.4489794708418,-0.43838041646025816
0.7661236430851456,-2.5562211473648664,-0.2608034529204613
0.8719940627350297,-2.6527386562356265,-0.10098418573464428
0.9672774404199254,-2.7396044142193112,0.04285315473259107
1.0530324803363313,-2.8177835964046265,0.172306761153103
1.130212016261097,-2.88814486037141,0.28881500693156326
1.1996735985933857,-2.9514699979415155,0.3936724281321774
1.2621890226924457,-3.0084626217546107,0.48804410721273067
1.3868341272985087,-2.972652830493443,0.7053393298810778
1.4990147214439653,-2.9404240183583914,0.9009050302825905
1.5999772561748764,-2.9114180874368456,1.076914160643952
1.6908435374326962,-2.8853127496074538,1.2353223779691778
1.772623190564734,-2.8618179455610013,1.377889773561881
1.8462248783835682,-2.840672621919195,1.5062004295953133
1.912466397420519,-2.8216418306415685,1.621680020025403
1.9615635764127115,-2.6938695731790334,1.765720957926377
2.0057510375056853,-2.5788745414627523,1.8953578020372537
2.045519752489361,-2.4753790129180993,2.012030961737043
2.08131159597467,-2.3822330372279112,2.117036805466854
2.1135242551114475,-2.2984016591067418,2.2115420648236825
2.1425156483345473,-2.2229534187976894,2.2965967982448285
2.1686079022353373,-2.155050002519542,2.3731460583238597
2.1973510248165797,-2.0209586107480866,2.482149698908882
2.2232198351396977,-1.9002763581537765,2.5802529754354024
2.246501764430504,-1.791662330818897,2.6685459243092704
2.26745550079223,-1.6939097062175057,2.748009578295752
2.2863138635177833,-1.6059323440762536,2.819526866883585
2.303286389970781,-1.5267527181491267,2.883892426612635
2.318561663778479,-1.4554910548147124,2.9418214303687797
2.3060089398527497,-1.3583976081461355,2.953848227235416
2.2947114883195936,-1.2710135061444163,2.9646723444153893
2.284543781939753,-1.1923678143428689,2.9744140498773652
2.2753928461978963,-1.1215866917214763,2.9831815847931438
2.2671570040302256,-1.057883681362223,2.9910723662173444
2.259744746079322,-1.0005509720388948,2.9981740694991244
2.2530737139235084,-0.9489515336478995,3.0045656024527267
2.220769314630619,-0.8978037605720605,2.994274259505411
2.1916953552670186,-0.8517707648038053,2.9850120508528266
2.1655287918397783,-0.8103410686123755,2.9766760630655007
2.141978884755262,-0.7730543420400888,2.9691736740569077
2.120783968379197,-0.7394962881250308,2.962421523949174
2.101708543640739,-0.7092940396014785,2.9563445888522133
2.084540661376127,-0.6821120159302815,2.950875347264949
2.0164886266326607,-0.6482316375783173,2.865734416808624
1.9552417953635421,-0.6177392970615494,2.789107579397931
1.900119647221335,-0.5902961905964584,2.720143425728307
1.8505097138933486,-0.5655973947778764,2.6580756874256455
1.805860773898161,-0.5433684785411527,2.60221472295325
1.7656767279024916,-0.5233624539281012,2.551939854928095
1.7295110865063894,-0.5053570317763549,2.506692473705454
1.654881256685646,-0.49856870888767024,2.4058058708342367
1.5877144098469769,-0.492459218287854,2.315007928250141
1.5272642476921747,-0.48696067674801935,2.2332897799244544
1.4728591017528527,-0.48201198936216816,2.1597434464313374
1.423894470407463,-0.4775581707149021,2.0935517462875315
1.3798263021966124,-0.4735497339323626,2.0339792161581065
1.3401649508068465,-0.4699421408280771,1.9803639390416243
1.2729091701328685,-0.48317428186802225,1.8518915766090018
1.2123789675262884,-0.49508320880397283,1.7362664504196426
1.1579017851803663,-0.5058012430463283,1.6322038368492182
1.1088723210690363,-0.5154474738644484,1.538547484635838
1.0647458033688395,-0.5241290816007564,1.4542567676437952
1.0250319374386623,-0.5319425285634336,1.378395122350956
0.9892894581015027,-0.5389746308298431,1.310119641587401
0.9781616029801848,-0.5641366369653854,1.2246061249918654
0.9681465333709988,-0.5867824424873734,1.1476439600558839
0.9591329707227312,-0.6071636674571628,1.0783780116135004
0.9510207643392905,-0.6255067699299731,1.016038658015355
0.9437197785941939,-0.6420155621555025,0.9599332397770234
0.9371488914236069,-0.6568734751584789,0.9094383633625251
0.9312350929700787,-0.6702455968611577,0.8639929745894772
0.9259126743619033,-0.6822805063935684,0.8230921246937344
0.8895619331913566,-0.6813412286628796,0.734139261319503
0.8568462661378649,-0.6804958787052595,0.6540816842826953
0.8274021657897221,-0.6797350637434015,0.5820298649495679
0.8009024754763938,-0.6790503302777293,0.5171832275497541
0.7770527541943982,-0.6784340701586243,0.45882125388992095
0.7555880050406022,-0.6778794360514299,0.40629547759607154
0.7362697308021856,-0.6773802653549548,0.3590222789316071
0.6662823432822962,-0.6439730620605233,0.26433430166552674
0.6032936945143957,-0.6139065790955348,0.17911512212605446
0.5466039106232854,-0.5868467444270453,0.10241786054052912
0.495583105121286,-0.5624928932254047,0.03339032511355632
0.44966438016948657,-0.5405744271439282,-0.028734456770718935
0.4083375277128671,-0.5208478076705992,-0.08464676046656675
0.3711433605019096,-0.5030938501446032,-0.13496783379283
0.2903277633772647,-0.4753445920613481,-0.24844262086008634
0.21759372596508425,-0.45037025978641854,-0.350569929220617
0.1521330922941219,-0.42789336073898193,-0.44248450674509454
0.09321852199025574,-0.4076641515962889,-0.5252076265171246
0.0401954087167762,-0.3894578633678652,-0.5996584343119514
-0.007525393229355363,-0.37307220396228397,-0.6666641613272958
-0.05047411498087377,-0.35832511049726085,-0.7269693156411055
-0.1154284349098976,-0.32857375154493795,-0.8213532610374279
-0.17388732284601904,-0.30179752848784736,-0.906298811894118
-0.22650032198852837,-0.2776989277364658,-0.9827498076651394
-0.27385202121678676,-0.2560101870602224,-1.0515557038590582
-0.3164685505222193,-0.23649032045160331,-1.1134810104335857
-0.35482342689710855,-0.21892244050384616,-1.1692137863506602
-0.38934281563450895,-0.2031113485508647,-1.2193732846760266
-0.42041026549816923,-0.1912355050551531,-1.272538694471636
-0.44837097037546353,-0.18054724590901267,-1.320387563287684
-0.4735356047650284,-0.17092781267748627,-1.363451545222127
-0.49618377571563677,-0.16227032276911252,-1.4022091289631256
-0.5165671295711842,-0.15447858185157612,-1.4370909543300245
-0.534912148041177,-0.14746601502579337,-1.4684845971602338
-0.5514226646641706,-0.14115470488258888,-1.496738875707422
-0.534721565201676,-0.11193313313398762,-1.5221677263998916
-0.5196905756854309,-0.08563371856024647,-1.5450536920231144
-0.5061626851208103,-0.061964245443879434,-1.5656510610840149
-0.4939875836126518,-0.04066171963914912,-1.5841886932388247
-0.4830299922553092,-0.021489446414891818,-1.600872562178154
-0.47316816003370077,-0.0042344005130602515,-1.6158880442235504
-0.4642925110342531,0.011295140798588158,-1.6294019780644071
-0.4142236743704987,0.044104842074845524,-1.6335426572183995
-0.3691617213731197,0.07363357322347716,-1.6372692684569927
-0.32860596367547856,0.10020943125724564,-1.6406232185717262
-0.2921057817476015,0.12412770348763728,-1.6436417736749867
-0.2592556180125122,0.14565414849498975,-1.6463584732679208
-0.22969047065093184,0.16502794900160694,-1.6488035029015617
-0.2030818380255095,0.18246436945756245,-1.6510040295718387
-0.20017444494475523,0.21463612270172447,-1.6569954342264772
-0.19755779117207634,0.2435907006214703,-1.662387698415652
-0.19520280277666538,0.26964982074924154,-1.6672407361859094
-0.19308331322079553,0.29310302886423567,-1.671608470179141
-0.1911757726205126,0.3142109161677304,-1.6755394307730493
-0.18945898608025802,0.33320801474087564,-1.6790772953075666
-0.1879138781940289,0.3503054034567063,-1.6822613733886322
-0.18652328109642266,0.365693053300954,-1.6851270436615915
-0.1800116496380456,0.40543747004246583,-1.667651493650308
-0.17415118132550628,0.44120744510982646,-1.6519234986401528
-0.16887675984422085,0.4734004226704511,-1.637768303131013
-0.16412978051106397,0.5023741024750134,-1.6250286271727874
-0.15985749911122282,0.5284504142991192,-1.613562918810384
-0.15601244585136573,0.5519190949408146,-1.603243781284221
-0.1525518979174944,0.5730409075183404,-1.5939565575106742
-0.1336571225654158,0.613237792195859,-1.5454887496005885
-0.11665182474854507,0.6494149884056261,-1.5018677224815111
-0.1013470567133614,0.6819744649944163,-1.4626087980743419
-0.08757276548169612,0.7112779939243274,-1.4272757661078894
-0.07517590337319735,0.7376511699612475,-1.3954760373380821
-0.06401872747554847,0.7613870283944756,-1.3668562814452558
-0.05397726916766446,0.7827493009843808,-1.3410985011417123
-0.01863948633791158,0.8349332959828997,-1.2617634697490714
0.013164518208866013,0.8818988914815666,-1.1903619414956947
0.04178812230096585,0.9241679274303669,-1.1261005660676557
0.0675493659838557,0.9622100597842872,-1.0682653281824206
0.09073448529845657,0.9964479789028154,-1.0162136140857088
0.11160109268159735,1.0272621061094909,-0.9693670713986681
0.13038103932642406,1.0549948205954987,-0.9272051829803314
0.16832336758889388,1.1082039347765664,-0.833106454284377
0.20247146302511676,1.1560921375395274,-0.7484175984580185
0.2332047489177173,1.1991915200261924,-0.6721976282142955
0.2608647062210579,1.237980964264191,-0.603599654994945
0.28575866779406434,1.2728914640783895,-0.5418614790975295
0.3081632332097702,1.3043109139111682,-0.4862971207898556
0.3283273420839054,1.3325884187606691,-0.43628919831294904
0.3359548519295642,1.3509757553393047,-0.3832602067809545
0.3428196107906571,1.3675243582600765,-0.335534114402159
0.3489978937656408,1.3824181008887715,-0.2925806312612433
0.354558348443126,1.3958224692545966,-0.2539224964344193
0.3595627576528628,1.4078864007838394,-0.21913017509027732
0.3640667259416258,1.418743939160158,-0.18781708588054966
0.36812029740151253,1.4285157236988444,-0.15963530559179484
0.329687759151159,1.399644101592115,-0.14229356463469447
0.2950984747258408,1.3736596416960585,-0.12668599777330397
0.2639681187430544,1.3502736277896077,-0.11263918759805265
0.23595079835854665,1.329226215273802,-0.09999705844032633
0.2107352100124897,1.3102835440095768,-0.08861914219837247
0.18804118050103844,1.293235139871774,-0.0783790175806143
0.1676165539407323,1.2778915761477514,-0.06916290542463173
0.10189354340167366,1.2311244191285269,-0.06889026578702619
0.042742833916520895,1.1890339778112249,-0.0686448901131812
-0.010492804620116584,1.151152580625653,-0.06842405200672058
-0.058404879303090323,1.1170593231586383,-0.0682252977109063
-0.10152574651776669,1.0863753914383252,-0.06804641884467352
-0.14033452701097543,1.0587598528900435,-0.06788542786506394
-0.17526242945486328,1.0339058681965898,-0.06774053598341517
-0.22247782386595671,0.9809334715668492,-0.06761013328993137
-0.2649716788359408,0.9332583146000825,-0.06749277086579578
-0.3032161483089265,0.8903506733299926,-0.06738714468407384
-0.3376361708346136,0.8517337961869117,-0.06729208112052426
-0.368614191107732,0.8169786067581388,-0.06720652391332955
-0.3964944093535386,0.7856989362722433,-0.06712952242685419
-0.42158660577476453,0.7575472328349372,-0.06706022108902628
-0.4704700529065251,0.6921903322878424,-0.06699784988498136
-0.5144651553251097,0.6333691217954571,-0.06694171580134085
-0.5540607475018358,0.5804300323523104,-0.06689119512606431
-0.5896967804608892,0.5327848518534782,-0.06684572651831579
-0.6217692101240374,0.4899041894045294,-0.06680480477134189
-0.6506343968208708,0.45131159320047537,-0.06676797519906541
-0.6766130648480209,0.4165782566168268,-0.06673482858401651
-0.6999938660724558,0.38531825369154304,-0.06670499663047262
-0.7420769634565731,0.31716388360526837,-0.07068907852367239
-0.7799517511022787,0.25582495052762105,-0.07427475222755234
-0.8140390599834137,0.20061991075773858,-0.0775018585610444
-0.8447176379764352,0.15093537496484433,-0.08040625426118689
-0.8723283581701545,0.1062192927512395,-0.0830202103913154
-0.8971780063445018,0.06597481875899514,-0.08537277090843096
-0.9195426897014145,0.02975479216597523,-0.0874900753738348
-0.9659713750752932,-0.026384624387459955,-0.10543937199825607
-1.007757191911784,-0.0769100992855516,-0.12159373896023498
-1.0453644270646256,-0.12238302669383412,-0.136132669226016
-1.079210938702183,-0.16330866136128835,-0.14921770646521884
-1.1096727991759852,-0.20014173256199722,-0.16099423998050144
-1.1370884736024067,-0.23329149664263515,-0.17159312014425596
-1.1617625805861862,-0.2631262843152093,-0.18113211229163498
-1.2050096531537136,-0.3252896821501019,-0.20174999717844447
-1.2439320184644882,-0.3812367402015053,-0.2203060935765726
-1.2789621472441854,-0.4315890924477683,-0.23700658033488814
-1.3104892631459129,-0.476906209469405,-0.252037018417372
-1.3388636674574674,-0.517691614788878,-0.2655644126916074
-1.3644006313378667,-0.5543984795764038,-0.2777390675384193
-1.387383898830226,-0.587434657885177,-0.2886962569005501
-1.402808745502818,-0.624229636148988,-0.30256865797785715
-1.416691107508151,-0.6573451165864179,-0.3150538189474335
-1.4291852333129502,-0.6871490489801048,-0.3262904638200525
-1.4404299465372699,-0.7139725881344231,-0.33640344420540946
-1.4505501884391574,-0.7381137733733094,-0.34550512655223053
-1.459658406150856,-0.7598408400883072,-0.35369664066436957
-1.4678558020913852,-0.7793952001318052,-0.3610690033652947
-1.4541930821557354,-0.7922858456470099,-0.35567133784195903
-1.4418966342136506,-0.8038874266106941,-0.35081343887095695
-1.4308298310657743,-0.81432884947801,-0.3464413297970555
-1.4208697082326858,-0.8237261300585942,-0.3425064316305442
-1.4119055976829058,-0.8321836825811201,-0.3389650232806839
-1.403837898188104,-0.8397954798513932,-0.33577775576580954
-1.396576968642782,-0.8466460973946391,-0.3329092150024225
-1.3584815676288038,-0.8528116531835604,-0.31428380570981657
-1.3241957067162233,-0.8583606533935898,-0.29752093734647156
-1.293338431894901,-0.8633547535826162,-0.28243435581946075
-1.2655668845557106,-0.8678494437527398,-0.26885643244515106
-1.2405724919504397,-0.8718946649058511,-0.25663630140827226
-1.2180775386056957,-0.8755353639436512,-0.24563818347508146
-1.1978320805954261,-0.8788119930776714,-0.2357398773352098
-1.1585707921040576,-0.8676361237264592,-0.22282047115793593
-1.123235632461826,-0.8575778413103681,-0.21119300559838936
-1.0914339887838176,-0.8485253871358862,-0.2007282865947975
-1.06281250947361,-0.8403781783788525,-0.19131003949156497
-1.0370531780944232,-0.8330456904975222,-0.18283361709865578
-1.013869779853155,-0.8264464514043248,-0.17520483694503738
-0.9930047214360138,-0.8205071362204472,-0.1683389348067809
-0.9742261688605868,-0.7963286384591836,-0.15814869223096056
-0.9573254715427023,-0.7745679904740462,-0.14897747391272215
-0.9421148439566062,-0.7549834072874227,-0.1407233774263077
-0.9284252791291198,-0.7373572824194615,-0.1332946905885346
-0.916104670784382,-0.7214937700382964,-0.12660887243453886
-0.905016123274118,-0.7072166088952478,-0.12059163609594248
-0.8950364305148802,-0.6943671638665041,-0.11517612339120609
-0.8702744248199722,-0.6616154099828895,-0.09425843935138578
-0.8479886196945547,-0.6321388314876362,-0.07543252371554737
-0.8279313950816792,-0.6056099108419081,-0.05848919964329259
-0.8098798929300911,-0.581733882260753,-0.04324020797826328
-0.7936335409936618,-0.5602454565377133,-0.029516115479737037
-0.7790118242508755,-0.5409058733869776,-0.017164432231063505
-0.7658522791823676,-0.5235002485513155,-0.006047917307257328
-0.7382284064091164,-0.48664793284147406,0.020000668729725782
-0.7133669209131901,-0.4534808487026168,0.04344439616301058
-0.6909915839668564,-0.4236304729776452,0.06454375085296712
-0.6708537807151562,-0.39676513482517073,0.08353317007392778
-0.652729757788626,-0.37258633048794376,0.10062364737279225
-0.6364181371547488,-0.3508254065844395,0.11600507694177022
-0.6217376785842593,-0.3312405750712856,0.1298483635538505
-0.6085252658708188,-0.3018435303995885,0.14230732150472264
-0.5966340944287223,-0.2753861901950611,0.1535203836605076
-0.5859320401308354,-0.2515745840109864,0.16361213960071433
-0.5763001912627372,-0.23014413844531922,0.17269471994690022
-0.5676315272814489,-0.21085673743621872,0.1808690422584674
-0.5598297296982895,-0.1934980765280283,0.18822593233887794
-0.5528081118734459,-0.1778752817106569,0.19484713341124757
-0.5464886558310866,-0.152044070065164,0.2048171450277695
-0.5408011453929634,-0.1287959795842204,0.2137901554826393
-0.5356823859986525,-0.10787269815137117,0.2218658648920221
-0.5310755025437726,-0.08904174486180685,0.22913400336046652
-0.5269293074343807,-0.07209388690119896,0.2356753279820671
-0.523197731835928,-0.056840814736651854,0.24156252014150703
-0.5198393137973206,-0.04311304978855947,0.2468609930850034
-0.5325970197741683,-0.03546633985921978,0.23959682677998215
-0.5440789551533312,-0.028584300922814054,0.2330590771054623
-0.5544126969945778,-0.022390465880048893,0.22717510239839536
-0.5637130646516998,-0.016816014341560253,0.22187952516203402
-0.5720833955431096,-0.011799007956920475,0.2171135056493088
-0.5796166933453784,-0.007283702210744686,0.21282408808785658
-0.5863966613674203,-0.0032199270391864683,0.20896361228254945
-0.5977587266577895,0.007499888401131115,0.205489184057773
-0.6079845854191218,0.017147722297416946,0.2023621986554744
-0.6171878583043209,0.025830772804074188,0.19954791179340572
-0.625470803901,0.033645518260065704,0.19701505361754398
-0.6329254549380112,0.04067878917045807,0.19473548125926815
-0.6396346408713213,0.0470087329898112,0.19268386613681998
-0.6456729082113004,0.05270568242722901,0.1908374125266167
-0.6511073488172815,0.048416379873018146,0.1771428123232657
-0.6559983453626647,0.04455600757422836,0.1648176721402496
-0.6604002422535095,0.04108167250531756,0.15372504597553527
-0.6643619494552696,0.037954770943297834,0.1437416824272924
-0.6679274859368539,0.03514055953748008,0.13475665523387378
-0.6711364687702798,0.03260776927224411,0.12667013075979694
-0.674024553320363,0.030328258033531737,0.11939225873312782
-0.676623829415438,0.025922558656718872,0.11685310456051477
-0.6789631779010052,0.021957429217587286,0.11456786580516304
-0.681068591538016,0.01838881272236886,0.11251115092534661
-0.6829634638113257,0.015177057876672277,0.11066010753351169
-0.6846688488573044,0.012286478515545358,0.10899416848086016
-0.6862036953986851,0.009684957090531127,0.10749482333347389
-0.6875850572859278,0.007343587808018324,0.10614541270082636
-0.6835681889139148,-0.0018260623321583824,0.10493094313144352
-0.6799530073791031,-0.010078747458317425,0.10383792051899922
-0.6766993439977725,-0.01750616407186055,0.10285420016779934
-0.673771046954575,-0.024190839024049362,0.1019688518517191
-0.6711355796156974,-0.030207046481019302,0.10117203836724684
-0.6687636590107073,-0.03562163319229225,0.10045490623122184
-0.6666289304662165,-0.04049476123243789,0.09980948730879949
-0.6541874866351116,-0.04723471573054068,0.09922861027861955
-0.6429901871871173,-0.05330067477883322,0.09870582095145725
-0.6329126176839225,-0.058760037922296476,0.09823531055701135
-0.6238428051310471,-0.06367346475141342,0.09781185120200996
-0.6156799738334592,-0.06809554889761867,0.097430737782509
-0.6083334256656301,-0.07207542462920338,0.0970877357049578
-0.6017215323145839,-0.07565731278762963,0.09677903383516198
-0.5957708282986424,-0.08123515139218497,0.09650120215234578
-0.590415194684295,-0.08625520613628478,0.09625115363781103
-0.5855951244313824,-0.09077325540597463,0.09602610997472998
-0.581257061203761,-0.09483949974869547,0.09582357067795703
-0.5773528042989017,-0.09849911965714424,0.09564128531086129
-0.5738389730845284,-0.10179277757474814,0.09547722848047512
-0.5706765249915924,-0.10475706970059165,0.09532957733312726
-0.56783032170795,-0.10977907187582252,0.10321855260329323
-0.5652687387526718,-0.1142988738335303,0.11031863034644254
-0.5629633140929214,-0.11836669559546734,0.11670870031527694
-0.5608884318991462,-0.12202773518121066,0.12245976328722785
-0.5590210379247484,-0.12532267080837964,0.12763571996198347
-0.5573403833477905,-0.12828811287283173,0.1322940809692638
-0.5558277942285282,-0.1309570107308386,0.13648660587581618
-0.5597265580917238,-0.13100487954107307,0.13223801698893434
-0.5632354455685997,-0.13104796147028408,0.12841428699074056
-0.566393444297788,-0.131086735206574,0.12497292999236616
-0.5692356431540575,-0.1311216315692349,0.12187570869382933
-0.5717936221247001,-0.13115303829562974,0.11908820952514608
-0.5740958031982784,-0.13118130434938508,0.11657946027333144
-0.5761677661644988,-0.1312067437977649,0.11432158594669807
-0.5780325328340973,-0.12416722151539154,0.12031136035550709
-0.5797108228367358,-0.11783165146125557,0.12570215732343518
-0.5812212838391105,-0.11212963841253315,0.1305538745945703
-0.5825806987412477,-0.10699782666868302,0.13492042013859196
-0.5838041721531713,-0.10237919609921783,0.13885031112821122
-0.5849052982239025,-0.09822242858669918,0.14238721301886867
-0.5858963116875605,-0.09448133782543242,0.14557042472046036
-0.5867882238048527,-0.08876021687832057,0.1484353152518931
-0.5875909447104158,-0.08361120802591994,0.15101371673018243
-0.5883133935254226,-0.07897710005875937,0.15333427806064287
-0.5889635974589287,-0.07480640288831483,0.15542278325805714
-0.5895487809990841,-0.07105277543491477,0.1573024379357301
-0.590075446185224,-0.06767451072685472,0.15899412714563577
-0.5905494448527498,-0.06463407248960064,0.16051664743455096
-0.5962361377240546,-0.0524811210281851,0.16188691569457447
-0.6013541613082289,-0.041543464712911114,0.16312015712859582
-0.6059603825339859,-0.03169957402916452,0.16423007441921492
-0.610105981637167,-0.022840072413792593,0.16522899998077226
-0.6138370208300301,-0.01486652095995785,0.16612803298617346
-0.6171949561036069,-0.007690324651506593,0.16693716269103487
-0.6202170978498259,-0.0012317479739004586,0.16766537942540982
-0.622937025421423,0.004580971035945061,0.16832077448634739
-0.6148647720947976,0.009812418144806035,0.17693249134397007
-0.6075997441008347,0.014520720542780913,0.18468303651583043
-0.6010612189062681,0.01875819270095829,0.19165852717050472
-0.5951765462311581,0.022571917643317937,0.1979364687597118
-0.5898803408235591,0.02600427009144162,0.20358661618999824
-0.5851137559567201,0.029093387294752943,0.208671748877256
-0.580823829576565,0.031873592777733134,0.2132483682957877
-0.5927431780460197,0.032021638450443576,0.20533453381829797
-0.6034705916685289,0.032154879555882976,0.19821208278855743
-0.6131252639287873,0.03227479655077843,0.1918018768617907
-0.6218144689630197,0.03238272184618435,0.18603269152770077
-0.629634753493829,0.03247985461204967,0.18084042472702
-0.6366730095715574,0.03256727410132846,0.17616738460640738
-0.6430074400415128,0.032645951641679376,0.171961648497856
-0.6539685215350042,0.03036262216602348,0.16015462469738098
-0.6638334948791464,0.02830762563793316,0.14952830327695318
-0.6727119708888746,0.026458128762651873,0.13996461399856813
-0.6807025992976298,0.02479358157489872,0.13135729364802187
-0.6878941648655095,0.023295489105920875,0.12361070533253
-0.6943665738766012,0.021947205883840828,0.11663877584858731
-0.7001917419865837,0.020733750983968777,0.11036403931303893
-0.715954581426631,0.019641641574083945,0.10471677643104535
-0.7301411369226735,0.018658743105187593,0.09963423983725125
-0.7429090368691118,0.017774134483180878,0.0950599569028367
-0.7544001468209063,0.016977986723374833,0.09094310226186356
-0.7647421457775212,0.016261453739549393,0.0872379330849875
-0.7740499448384747,0.015616574054106493,0.08390328082579937
-0.7824269639933328,0.015036182337207878,0.08090209379252992
-0.7899662812327052,0.0121596905300274,0.07017916415980864
-0.7967516667481402,0.009570847903564975,0.060528527490359356
-0.8028585137120318,0.0072408895397487825,0.05184295448785517
-0.808354675979534,0.005143927012314211,0.04402593878560114
-0.8133012220202862,0.003256660737623092,0.036990624653572605
-0.8177531134569631,0.0015581210904010952,0.03065884193474683
-0.8217598157499724,2.9435407901287984e-05,0.024960237487803724
-0.8201057537431493,-0.008408799492263716,0.019831493485555064
-0.8186170979370085,-0.016003210902412225,0.015215623883531267
-0.8172773077114819,-0.022838181171545877,0.011061341241709672
-0.816071496508508,-0.02898965441376617,0.007322486864070549
-0.8149862664258314,-0.034525980331764426,0.00395751792419516
-0.8140095593514225,-0.039508673657962866,0.0009290458783072652
-0.8131305229844543,-0.04399309765154144,-0.001796578962991929
-0.8123393902541831,-0.04802907924576216,0.003772219982617526
-0.8116273707969389,-0.05166146268056081,0.008784139033666124
-0.8109865532854194,-0.054930607771879594,0.013294866179609862
-0.8104098175250517,-0.057872838354066494,0.01735452061095914
-0.8098907553407207,-0.06052084587803471,0.021008209599173665
-0.809423599374823,-0.06290405264960612,0.02429652968856665
-0.8090031590055148,-0.06504893874402035,0.027256017769020424
-0.803364668602606,-0.07168761475293663,0.03393048769281839
-0.7982900272399881,-0.07766242316096128,0.03993751062423642
-0.7937228500136321,-0.08303975072818348,0.04534383126251252
-0.7896123905099115,-0.08787934553868344,0.05020951983696113
-0.785912976956563,-0.09223498086813343,0.054588639553964716
-0.7825835047585495,-0.09615505266463839,0.0585298472992682
-0.7795869797803373,-0.09968311728149286,0.06207693427004108
-0.7558497310178204,-0.10285837543666189,0.0652693125437368
-0.7344862071315552,-0.105716107776314,0.06814245299006316
-0.7152590356339166,-0.10828806688200092,0.07072827939175677
-0.6979545812860418,-0.11060283007711914,0.07305552315328079
-0.6823805723729544,-0.11268611695272553,0.07515004253865262
-0.6683639643511758,-0.11456107514077128,0.0770351099854871
-0.6557490171315751,-0.11624853751001248,0.07873167068763826
-0.6549157527749974,-0.11776725364232954,0.08025857531957417
-0.6541658148540773,-0.11913409816141492,0.0816327894883168
-0.6534908707252494,-0.12036425822859174,0.08286958224018517
-0.6528834210093042,-0.1214714022890509,0.08398269571686644
-0.6523367162649536,-0.12246783194346414,0.08498449784587948
-0.651844681995038,-0.12336461863243606,0.08588611976199133
-0.6514018511521139,-0.12417172665251075,0.08669757948649197
-0.6457432093229508,-0.12018984534663453,0.0914388238899319
-0.6406504316767041,-0.11660615217134593,0.09570594385302793
-0.6360669317950819,-0.11338082831358619,0.09954635181981435
-0.6319417819016221,-0.11047803684160244,0.10300271898992235
-0.6282291469975081,-0.10786552451681705,0.10611344944301933
-0.6248877755838056,-0.10551426342451022,0.10891310685080666
-0.6218805413114733,-0.10339812844143406,0.11143279851781539
-0.6244341245369057,-0.09443118917075038,0.10567865971534415
-0.626732349439795,-0.08636094382713504,0.10049993479312036
-0.6288007518523953,-0.07909772301788125,0.09583908236311899
-0.6306623140237355,-0.07256082428955281,0.09164431517611743
-0.6323377199779417,-0.06667761543405724,0.08786902470781631
-0.6338455853367273,-0.06138272746411123,0.08447126328634508
-0.6352026641596343,-0.0566173282911598,0.08141327800702122
-0.6364240351002507,-0.052328469035503526,0.08267202190701889
-0.6375232689468053,-0.04846849570541289,0.08380489141701683
-0.6385125794087045,-0.044994519708331314,0.08482447397601493
-0.6394029588244139,-0.04186794131095787,0.08574209827911349
-0.6402043002985522,-0.039054020753321775,0.08656796015190182
-0.6409255076252768,-0.036521492251449295,0.08731123583741161
-0.6415745942193289,-0.03424221659976405,0.08798018395437023
-0.6474188662245073,-0.034545007775219065,0.08858223725963321
-0.6526787110291677,-0.03481751983312858,0.08912408523436995
-0.6574125713533622,-0.035062780685247145,0.08961174841163291
-0.6616730456451372,-0.03528351545215385,0.09005064527116935
-0.6655074725077347,-0.035482176742369885,0.09044565244475243
-0.6689584566840724,-0.03566097190356431,0.09080115890097719
-0.6720643424427764,-0.035821887548639304,0.09112111471157934
-0.6801197336961414,-0.03596671162920678,0.08739814428973203
-0.68736958582417,-0.03609705330171752,0.08404747091006921
-0.6938944527393957,-0.03621436080697718,0.08103186486837273
-0.6997668329630987,-0.03631993756171088,0.07831781943084586
-0.7050519751644315,-0.03641495664097122,0.07587517853707167
-0.709808603145631,-0.03650047381230552,0.07367680173267485
-0.7140895683287106,-0.036577439266506376,0.07169826260871767
-0.7126823429229509,-0.041354986699230614,0.0739285080485456
-0.7114158400577669,-0.045654779388682426,0.0759357289443909
-0.7102759874791015,-0.04952459280918905,0.07774222775065151
-0.7092501201583025,-0.053007424887645024,0.07936807667628627
-0.7083268395695835,-0.05614197375825539,0.08083134070935762
-0.7074958870397364,-0.058963067741804716,0.08214827833912164
-0.706748029762874,-0.061502052326999096,0.08333352220590916
-0.7060749582136977,-0.061432999191702364,0.09242210298879672
-0.7054691938194392,-0.06137085136993527,0.1006018256933956
-0.7049240058646065,-0.061314918330344914,0.10796357612753482
-0.7044333367052571,-0.061264578594713556,0.11458915151826016
-0.7039917344618426,-0.061219272832645326,0.12055216936991284
-0.7035942924427696,-0.06117849764678392,0.12591888543640012
-0.703236594625604,-0.0611417999795087,0.13074892989623865
-0.6976545725196232,-0.06817118986487614,0.12707410860731452
-0.6926307526242407,-0.07449764076170684,0.12376676944728282
-0.6881093147183964,-0.08019144656885448,0.1207901642032544
-0.6840400206031365,-0.08531587179528735,0.11811121948362902
-0.6803776558994026,-0.08992785449907693,0.11570016923596617
-0.6770815276660421,-0.09407863893248758,0.11353022401306932
-0.6741150122560177,-0.09781434492255714,0.11157727331246235
-0.6661850543164642,-0.09411406252770456,0.11383054833330555
-0.6590480921708662,-0.09078380837233724,0.11585849585206436
-0.6526248262398278,-0.08778657963250663,0.11768364861894731
-0.6468438869018933,-0.08508907376665913,0.11932628610914162
-0.6416410414977524,-0.08266131848739638,0.12080465985031676
-0.6369584806340254,-0.08047633873605989,0.12213519621737416
-0.6327441758566712,-0.07850985695985703,0.12333267894772591
-0.6342113956275838,-0.07674002336127449,0.12842134405643188
-0.6355318934214053,-0.07514717312255016,0.13300114265426735
-0.6367203414358444,-0.07371360790769829,0.13712296139231933
-0.6377899446488398,-0.07242339921433161,0.14083259825656588
-0.6387525875405357,-0.07126221139030163,0.1441712714343878
-0.6396189661430618,-0.07021714234867464,0.1471760772944276
-0.6403987068853354,-0.0692765802112103,0.1498804025684634
-0.646360567623913,-0.06607593502552073,0.1442924340123168
-0.651726242288633,-0.06319535435840008,0.13926326231178518
-0.656555349486881,-0.06060283175799148,0.1347370077813064
-0.660901545965304,-0.058269561417623725,0.13066337870387562
-0.664813122795885,-0.05616961811129279,0.12699711253418794
-0.6683335419434077,-0.054279669135594934,0.12369747298146916
-0.6715019191761782,-0.05257871505746686,0.12072779738402202
-0.6796135527562029,-0.048693717125179885,0.11404415869493048
-0.6869140229782255,-0.045197218986121605,0.108028883874748
-0.6934844461780456,-0.04205037066096913,0.10261513653658351
-0.6993978270578837,-0.0392182071683319,0.09774276393223583
-0.7047198698497381,-0.036669260024958406,0.0933576285883229
-0.709509708362407,-0.034375207595922254,0.08941100677880123
-0.713820563023809,-0.03231056040978972,0.08585904715023142
-0.7177003322190708,-0.030452377942270438,0.08266228348451884
-0.7211921244948064,-0.028780013721503087,0.07978519618537762
-0.7243347375429685,-0.027274885922812464,0.07719581761615035
-0.7271630892863143,-0.02592027090399091,0.07486537690384575
-0.7297086058553255,-0.02470111738705151,0.07276798026277162
-0.7319995707674356,-0.023603879221806057,0.07088032328580503
-0.7340614391883347,-0.02261636487308515,0.06918143200653479
-0.735917120767144,-0.021727601959236332,0.06765242985519175
-0.7428473282586038,-0.020927715336772387,0.06627632791898323
-0.7490845150009176,-0.020207817376554842,0.06503783617639522
-0.754697983069,-0.019559909212359054,0.06392319360806623
-0.7597501043302741,-0.018976791864582836,0.06292001529657014
-0.7642970134654209,-0.018451986251584247,0.06201715481622347
-0.768389231687053,-0.01797966119988551,0.061204580383911474
-0.7720722280865218,-0.01755456865335664,0.06047326339483068
-0.7701268307755124,-0.021880263885424127,0.055804147453268844
-0.7683759731956039,-0.02577338959428486,0.05160194310586314
-0.7668002013736862,-0.029277202732259516,0.047819959193198106
-0.7653820067339603,-0.032430634556436716,0.0444161736717993
-0.7641056315582071,-0.0352687231981962,0.04135276670254065
-0.7629568939000291,-0.03782300297577972,0.03859570043020786
-0.7619230300076688,-0.040121854775604905,0.036114340785108306
-0.7609925525045447,-0.04454496065741927,0.03789204775590805
-0.7601551227517328,-0.04852575595105222,0.03949198402962768
-0.7594014359742022,-0.05210847171532186,0.0409319266759754
-0.7587231178744246,-0.05533291590316455,0.0422278750576883
-0.7581126315846249,-0.05823491567222298,0.043394228601230045
-0.7575631939238051,-0.06084671546437554,0.04444394679041735
-0.7570687000290673,-0.06319733527731285,0.04538869316068627
-0.7566236555238033,-0.06060461458501296,0.04222803424253856
-0.7562231154690657,-0.058271165961943074,0.03938344121620572
-0.7558626294198018,-0.0561710622011802,0.03682330749250602
-0.7555381919754642,-0.054280968816493594,0.034519187141176334
-0.7552461982755605,-0.05257988477027565,0.03244547882497967
-0.7549834039456471,-0.0510489091286795,0.03057914134040262
-0.7389666068371308,-0.04731689178927125,0.04093222955845175
-0.7245514894394659,-0.04395807618380382,0.050250008954695925
-0.7115778837815677,-0.040935142138883135,0.058636010411315366
-0.6999016386894592,-0.038214501498454505,0.06618341172227309
-0.6893930181065616,-0.03576592492206874,0.07297607290213481
-0.6799352595819537,-0.033562206003321556,0.07908946796401051
-0.6714232769098066,-0.03157885897644909,0.08459152351969854
-0.6637624925048743,-0.032147985914235594,0.08553244286842837
-0.6568677865404351,-0.03266020015824346,0.08637927028228559
-0.65066255117244,-0.033121192977850544,0.08714141495475682
-0.6450778393412442,-0.0335360865154969,0.08782734515998109
-0.6400515986931682,-0.033909490699378625,0.08844468234468295
-0.6355279821098996,-0.03424555446487219,0.08900028581091429
-0.6314567271849579,-0.03454801185381638,0.08950032893052291
-0.6277925977525105,-0.03482022350386617,0.08995036773817063
-0.6455352575454335,-0.04448177103679787,0.07832261071088537
-0.6615036513590643,-0.05317716381643639,0.06785762938632836
-0.6758752057913321,-0.06100301731811107,0.058439146194227194
-0.6888096047803731,-0.06804628546961827,0.04996251132133627
-0.70045056387051,-0.07438522680597474,0.042333539935734354
-0.7109274270516331,-0.08009027400869559,0.035467465688692544
-0.720356603914644,-0.08522481649114434,0.029287998866354775
-0.7025423927386965,-0.08042934767746132,0.04378113198319786
-0.6865096026803437,-0.07611342574514661,0.05682495178835676
-0.672080091627826,-0.07222909600606338,0.06856438961299968
-0.6590935316805603,-0.06873319924088848,0.07912988365517849
-0.6474056277280211,-0.06558689215223104,0.08863882829313921
-0.6368865141707358,-0.0627552157724394,0.09719687846730397
-0.6274193119691791,-0.060206707030626874,0.1048991236240523
-0.6136387359172465,-0.05791304916299559,0.10782021361373638
-0.6012362174705073,-0.055848757082127456,0.11044919460445182
-0.5900739508684419,-0.05399089420934612,0.11281527749609586
-0.5800279109265831,-0.052318817623842946,0.11494475209857553
-0.5709864749789102,-0.050813948696890064,0.11686127924080733
-0.5628491826260045,-0.04945956666263246,0.11858615366881603
-0.5555256195083894,-0.04824062283180064,0.12013854065402368
-0.5489344127025358,-0.040081155598136804,0.12955755024348936
-0.5430023265772677,-0.03273763508783937,0.1380346588740086
-0.5376634490645262,-0.026128466628571687,0.14566405664147594
-0.532858459303059,-0.020180215015230773,0.15253051463219633
-0.5285339685177385,-0.014826788563223928,0.1587103268238447
-0.52464192681095,-0.01000870475641777,0.16427215779632817
-0.5211390892748404,-0.005672429330292245,0.16927780567156328
