timestamp,user_id,hand_preference,acc_x,acc_y,acc_z,gyro_x,gyro_y,gyro_z
0.0008122920989990234,1703ad9a,Right Hand,-0.3,0.15,1.09,-0.23,-0.14,0.32
0.004639387130737305,1703ad9a,Right Hand,-0.3,0.15,1.09,-0.23,-0.14,0.32
0.004717111587524414,1703ad9a,Right Hand,-0.3,0.15,1.09,-0.23,-0.14,0.32
0.004739284515380859,1703ad9a,Right Hand,-0.3,0.15,1.09,-0.23,-0.14,0.32
0.0047588348388671875,1703ad9a,Right Hand,-0.3,0.15,1.09,-0.23,-0.14,0.32
0.004777669906616211,1703ad9a,Right Hand,-0.3,0.15,1.09,-0.23,-0.14,0.32
0.004812717437744141,1703ad9a,Right Hand,-0.3,0.15,1.09,-0.23,-0.14,0.32
0.004830598831176758,1703ad9a,Right Hand,-0.33,0.1,1.02,-0.35,0.02,0.31
0.004973411560058594,1703ad9a,Right Hand,-0.33,0.1,1.02,-0.35,0.02,0.31
0.07148504257202148,1703ad9a,Right Hand,-0.33,0.1,1.02,-0.35,0.02,0.31
0.07164549827575684,1703ad9a,Right Hand,-0.33,0.1,1.02,-0.35,0.02,0.31
0.07167482376098633,1703ad9a,Right Hand,-0.33,0.1,1.02,-0.35,0.02,0.31
0.07169580459594727,1703ad9a,Right Hand,-0.33,0.1,1.02,-0.35,0.02,0.31
0.07171630859375,1703ad9a,Right Hand,-0.33,0.1,1.02,-0.35,0.02,0.31
0.07174825668334961,1703ad9a,Right Hand,-0.36,0.03,0.93,-0.39,0.05,0.34
0.07176661491394043,1703ad9a,Right Hand,-0.36,0.03,0.93,-0.39,0.05,0.34
0.07178497314453125,1703ad9a,Right Hand,-0.36,0.03,0.93,-0.39,0.05,0.34
0.07180500030517578,1703ad9a,Right Hand,-0.36,0.03,0.93,-0.39,0.05,0.34
0.0718238353729248,1703ad9a,Right Hand,-0.36,0.03,0.93,-0.39,0.05,0.34
0.0718545913696289,1703ad9a,Right Hand,-0.36,0.03,0.93,-0.39,0.05,0.34
0.07187414169311523,1703ad9a,Right Hand,-0.36,0.03,0.93,-0.39,0.05,0.34
0.07189440727233887,1703ad9a,Right Hand,-0.39,0.07,0.9,-0.28,0.04,0.37
0.07191228866577148,1703ad9a,Right Hand,-0.39,0.07,0.9,-0.28,0.04,0.37
0.07197260856628418,1703ad9a,Right Hand,-0.39,0.07,0.9,-0.28,0.04,0.37
0.07208776473999023,1703ad9a,Right Hand,-0.39,0.07,0.9,-0.28,0.04,0.37
0.07233071327209473,1703ad9a,Right Hand,-0.39,0.07,0.9,-0.28,0.04,0.37
0.07236289978027344,1703ad9a,Right Hand,-0.39,0.07,0.9,-0.28,0.04,0.37
0.07238268852233887,1703ad9a,Right Hand,-0.39,0.07,0.9,-0.28,0.04,0.37
0.07240104675292969,1703ad9a,Right Hand,-0.38,0.11,0.91,-0.23,0.07,0.22
0.07241988182067871,1703ad9a,Right Hand,-0.38,0.11,0.91,-0.23,0.07,0.22
0.07245039939880371,1703ad9a,Right Hand,-0.38,0.11,0.91,-0.23,0.07,0.22
0.07246828079223633,1703ad9a,Right Hand,-0.38,0.11,0.91,-0.23,0.07,0.22
0.12402534484863281,1703ad9a,Right Hand,-0.38,0.11,0.91,-0.23,0.07,0.22
0.12425065040588379,1703ad9a,Right Hand,-0.38,0.11,0.91,-0.23,0.07,0.22
0.1243288516998291,1703ad9a,Right Hand,-0.38,0.11,0.91,-0.23,0.07,0.22
0.12437319755554199,1703ad9a,Right Hand,-0.37,0.09,0.88,-0.43,0.02,0.06
0.1244204044342041,1703ad9a,Right Hand,-0.37,0.09,0.88,-0.43,0.02,0.06
0.12446188926696777,1703ad9a,Right Hand,-0.37,0.09,0.88,-0.43,0.02,0.06
0.12450194358825684,1703ad9a,Right Hand,-0.37,0.09,0.88,-0.43,0.02,0.06
0.12454342842102051,1703ad9a,Right Hand,-0.37,0.09,0.88,-0.43,0.02,0.06
0.12459564208984375,1703ad9a,Right Hand,-0.37,0.09,0.88,-0.43,0.02,0.06
0.12463736534118652,1703ad9a,Right Hand,-0.37,0.09,0.88,-0.43,0.02,0.06
0.1246805191040039,1703ad9a,Right Hand,-0.39,-0.06,0.83,-0.39,-0.05,0.0
0.1247255802154541,1703ad9a,Right Hand,-0.39,-0.06,0.83,-0.39,-0.05,0.0
0.12670493125915527,1703ad9a,Right Hand,-0.39,-0.06,0.83,-0.39,-0.05,0.0
0.12681078910827637,1703ad9a,Right Hand,-0.39,-0.06,0.83,-0.39,-0.05,0.0
0.1268315315246582,1703ad9a,Right Hand,-0.39,-0.06,0.83,-0.39,-0.05,0.0
0.1275932788848877,1703ad9a,Right Hand,-0.39,-0.06,0.83,-0.39,-0.05,0.0
0.127777099609375,1703ad9a,Right Hand,-0.39,-0.06,0.83,-0.39,-0.05,0.0
0.1286172866821289,1703ad9a,Right Hand,-0.39,-0.06,0.83,-0.39,-0.05,0.0
0.12873625755310059,1703ad9a,Right Hand,-0.33,-0.04,0.9,-0.17,-0.14,-0.06
0.12941265106201172,1703ad9a,Right Hand,-0.33,-0.04,0.9,-0.17,-0.14,-0.06
0.1298809051513672,1703ad9a,Right Hand,-0.33,-0.04,0.9,-0.17,-0.14,-0.06
0.13030123710632324,1703ad9a,Right Hand,-0.33,-0.04,0.9,-0.17,-0.14,-0.06
0.13072800636291504,1703ad9a,Right Hand,-0.33,-0.04,0.9,-0.17,-0.14,-0.06
0.13127875328063965,1703ad9a,Right Hand,-0.33,-0.04,0.9,-0.17,-0.14,-0.06
0.13219380378723145,1703ad9a,Right Hand,-0.33,-0.04,0.9,-0.17,-0.14,-0.06
0.13280344009399414,1703ad9a,Right Hand,-0.3,-0.09,0.92,-0.16,-0.13,-0.05
0.13340258598327637,1703ad9a,Right Hand,-0.3,-0.09,0.92,-0.16,-0.13,-0.05
0.13405323028564453,1703ad9a,Right Hand,-0.3,-0.09,0.92,-0.16,-0.13,-0.05
0.13462376594543457,1703ad9a,Right Hand,-0.3,-0.09,0.92,-0.16,-0.13,-0.05
0.13509392738342285,1703ad9a,Right Hand,-0.3,-0.09,0.92,-0.16,-0.13,-0.05
0.1356813907623291,1703ad9a,Right Hand,-0.3,-0.09,0.92,-0.16,-0.13,-0.05
0.13763713836669922,1703ad9a,Right Hand,-0.3,-0.09,0.92,-0.16,-0.13,-0.05
0.1956343650817871,1703ad9a,Right Hand,-0.31,-0.07,0.91,-0.13,-0.06,0.01
0.19577550888061523,1703ad9a,Right Hand,-0.31,-0.07,0.91,-0.13,-0.06,0.01
0.19584059715270996,1703ad9a,Right Hand,-0.31,-0.07,0.91,-0.13,-0.06,0.01
0.19586563110351562,1703ad9a,Right Hand,-0.31,-0.07,0.91,-0.13,-0.06,0.01
0.19588541984558105,1703ad9a,Right Hand,-0.31,-0.07,0.91,-0.13,-0.06,0.01
0.19590377807617188,1703ad9a,Right Hand,-0.31,-0.07,0.91,-0.13,-0.06,0.01
0.1959362030029297,1703ad9a,Right Hand,-0.31,-0.07,0.91,-0.13,-0.06,0.01
0.19595551490783691,1703ad9a,Right Hand,-0.32,-0.06,0.91,-0.03,-0.05,0.01
0.19597363471984863,1703ad9a,Right Hand,-0.32,-0.06,0.91,-0.03,-0.05,0.01
0.1959989070892334,1703ad9a,Right Hand,-0.32,-0.06,0.91,-0.03,-0.05,0.01
0.19601726531982422,1703ad9a,Right Hand,-0.32,-0.06,0.91,-0.03,-0.05,0.01
0.1962130069732666,1703ad9a,Right Hand,-0.32,-0.06,0.91,-0.03,-0.05,0.01
0.19664382934570312,1703ad9a,Right Hand,-0.32,-0.06,0.91,-0.03,-0.05,0.01
0.19709134101867676,1703ad9a,Right Hand,-0.32,-0.06,0.91,-0.03,-0.05,0.01
0.19757461547851562,1703ad9a,Right Hand,-0.32,-0.03,0.92,-0.05,-0.03,-0.02
0.19804811477661133,1703ad9a,Right Hand,-0.32,-0.03,0.92,-0.05,-0.03,-0.02
0.19854283332824707,1703ad9a,Right Hand,-0.32,-0.03,0.92,-0.05,-0.03,-0.02
0.19901728630065918,1703ad9a,Right Hand,-0.32,-0.03,0.92,-0.05,-0.03,-0.02
0.19950556755065918,1703ad9a,Right Hand,-0.32,-0.03,0.92,-0.05,-0.03,-0.02
0.19997262954711914,1703ad9a,Right Hand,-0.32,-0.03,0.92,-0.05,-0.03,-0.02
0.20046544075012207,1703ad9a,Right Hand,-0.32,-0.03,0.92,-0.05,-0.03,-0.02
0.20094704627990723,1703ad9a,Right Hand,-0.34,-0.04,0.89,-0.11,0.03,-0.0
0.20141959190368652,1703ad9a,Right Hand,-0.34,-0.04,0.89,-0.11,0.03,-0.0
0.20189118385314941,1703ad9a,Right Hand,-0.34,-0.04,0.89,-0.11,0.03,-0.0
0.20311260223388672,1703ad9a,Right Hand,-0.34,-0.04,0.89,-0.11,0.03,-0.0
0.2568509578704834,1703ad9a,Right Hand,-0.34,-0.04,0.89,-0.11,0.03,-0.0
0.2569699287414551,1703ad9a,Right Hand,-0.34,-0.04,0.89,-0.11,0.03,-0.0
0.2569913864135742,1703ad9a,Right Hand,-0.34,-0.04,0.89,-0.11,0.03,-0.0
0.25701022148132324,1703ad9a,Right Hand,-0.36,-0.08,0.87,-0.13,-0.02,-0.0
0.25705933570861816,1703ad9a,Right Hand,-0.36,-0.08,0.87,-0.13,-0.02,-0.0
0.2570772171020508,1703ad9a,Right Hand,-0.36,-0.08,0.87,-0.13,-0.02,-0.0
0.2570955753326416,1703ad9a,Right Hand,-0.36,-0.08,0.87,-0.13,-0.02,-0.0
0.2592611312866211,1703ad9a,Right Hand,-0.36,-0.08,0.87,-0.13,-0.02,-0.0
0.2595524787902832,1703ad9a,Right Hand,-0.36,-0.08,0.87,-0.13,-0.02,-0.0
0.2595827579498291,1703ad9a,Right Hand,-0.36,-0.08,0.87,-0.13,-0.02,-0.0
0.31171178817749023,1703ad9a,Right Hand,-0.36,-0.05,0.87,-0.02,-0.06,0.0
0.3118095397949219,1703ad9a,Right Hand,-0.36,-0.05,0.87,-0.02,-0.06,0.0
0.3118312358856201,1703ad9a,Right Hand,-0.36,-0.05,0.87,-0.02,-0.06,0.0
0.31185054779052734,1703ad9a,Right Hand,-0.36,-0.05,0.87,-0.02,-0.06,0.0
0.31186962127685547,1703ad9a,Right Hand,-0.36,-0.05,0.87,-0.02,-0.06,0.0
0.3119041919708252,1703ad9a,Right Hand,-0.36,-0.05,0.87,-0.02,-0.06,0.0
0.3119215965270996,1703ad9a,Right Hand,-0.36,-0.05,0.87,-0.02,-0.06,0.0
0.311939001083374,1703ad9a,Right Hand,-0.34,0.0,0.92,-0.09,-0.07,0.0
0.31360387802124023,1703ad9a,Right Hand,-0.34,0.0,0.92,-0.09,-0.07,0.0
0.31392621994018555,1703ad9a,Right Hand,-0.34,0.0,0.92,-0.09,-0.07,0.0
0.31397557258605957,1703ad9a,Right Hand,-0.34,0.0,0.92,-0.09,-0.07,0.0
0.31453680992126465,1703ad9a,Right Hand,-0.34,0.0,0.92,-0.09,-0.07,0.0
0.3149580955505371,1703ad9a,Right Hand,-0.34,0.0,0.92,-0.09,-0.07,0.0
0.3155324459075928,1703ad9a,Right Hand,-0.34,0.0,0.92,-0.09,-0.07,0.0
0.31601905822753906,1703ad9a,Right Hand,-0.36,-0.02,0.89,-0.14,0.0,-0.05
0.3166544437408447,1703ad9a,Right Hand,-0.36,-0.02,0.89,-0.14,0.0,-0.05
0.31748533248901367,1703ad9a,Right Hand,-0.36,-0.02,0.89,-0.14,0.0,-0.05
0.31805872917175293,1703ad9a,Right Hand,-0.36,-0.02,0.89,-0.14,0.0,-0.05
0.31850218772888184,1703ad9a,Right Hand,-0.36,-0.02,0.89,-0.14,0.0,-0.05
0.31903743743896484,1703ad9a,Right Hand,-0.36,-0.02,0.89,-0.14,0.0,-0.05
0.31981730461120605,1703ad9a,Right Hand,-0.36,-0.02,0.89,-0.14,0.0,-0.05
0.3202672004699707,1703ad9a,Right Hand,-0.38,-0.05,0.86,-0.14,-0.04,-0.07
0.32093071937561035,1703ad9a,Right Hand,-0.38,-0.05,0.86,-0.14,-0.04,-0.07
0.37869763374328613,1703ad9a,Right Hand,-0.38,-0.05,0.86,-0.14,-0.04,-0.07
0.37891554832458496,1703ad9a,Right Hand,-0.38,-0.05,0.86,-0.14,-0.04,-0.07
0.37894654273986816,1703ad9a,Right Hand,-0.38,-0.05,0.86,-0.14,-0.04,-0.07
0.3789842128753662,1703ad9a,Right Hand,-0.38,-0.05,0.86,-0.14,-0.04,-0.07
0.37900328636169434,1703ad9a,Right Hand,-0.38,-0.05,0.86,-0.14,-0.04,-0.07
0.37902164459228516,1703ad9a,Right Hand,-0.37,-0.08,0.87,-0.1,-0.07,-0.01
0.37903881072998047,1703ad9a,Right Hand,-0.37,-0.08,0.87,-0.1,-0.07,-0.01
0.3790585994720459,1703ad9a,Right Hand,-0.37,-0.08,0.87,-0.1,-0.07,-0.01
0.3790771961212158,1703ad9a,Right Hand,-0.37,-0.08,0.87,-0.1,-0.07,-0.01
0.3791165351867676,1703ad9a,Right Hand,-0.37,-0.08,0.87,-0.1,-0.07,-0.01
0.3791618347167969,1703ad9a,Right Hand,-0.37,-0.08,0.87,-0.1,-0.07,-0.01
0.3795793056488037,1703ad9a,Right Hand,-0.37,-0.08,0.87,-0.1,-0.07,-0.01
0.3799874782562256,1703ad9a,Right Hand,-0.35,-0.08,0.85,-0.19,-0.09,-0.02
0.38042140007019043,1703ad9a,Right Hand,-0.35,-0.08,0.85,-0.19,-0.09,-0.02
0.3809316158294678,1703ad9a,Right Hand,-0.35,-0.08,0.85,-0.19,-0.09,-0.02
0.38150644302368164,1703ad9a,Right Hand,-0.35,-0.08,0.85,-0.19,-0.09,-0.02
0.3819239139556885,1703ad9a,Right Hand,-0.35,-0.08,0.85,-0.19,-0.09,-0.02
0.3823866844177246,1703ad9a,Right Hand,-0.35,-0.08,0.85,-0.19,-0.09,-0.02
0.38286471366882324,1703ad9a,Right Hand,-0.35,-0.08,0.85,-0.19,-0.09,-0.02
0.3833491802215576,1703ad9a,Right Hand,-0.33,-0.1,0.87,-0.05,-0.06,0.01
0.3838622570037842,1703ad9a,Right Hand,-0.33,-0.1,0.87,-0.05,-0.06,0.01
0.384350061416626,1703ad9a,Right Hand,-0.33,-0.1,0.87,-0.05,-0.06,0.01
0.38487982749938965,1703ad9a,Right Hand,-0.33,-0.1,0.87,-0.05,-0.06,0.01
0.38550496101379395,1703ad9a,Right Hand,-0.33,-0.1,0.87,-0.05,-0.06,0.01
0.43878865242004395,1703ad9a,Right Hand,-0.33,-0.1,0.87,-0.05,-0.06,0.01
0.43900227546691895,1703ad9a,Right Hand,-0.33,-0.1,0.87,-0.05,-0.06,0.01
0.43903303146362305,1703ad9a,Right Hand,-0.34,-0.1,0.86,-0.04,-0.09,0.04
0.4390542507171631,1703ad9a,Right Hand,-0.34,-0.1,0.86,-0.04,-0.09,0.04
0.43909287452697754,1703ad9a,Right Hand,-0.34,-0.1,0.86,-0.04,-0.09,0.04
0.43911266326904297,1703ad9a,Right Hand,-0.34,-0.1,0.86,-0.04,-0.09,0.04
0.4391307830810547,1703ad9a,Right Hand,-0.34,-0.1,0.86,-0.04,-0.09,0.04
0.4391489028930664,1703ad9a,Right Hand,-0.34,-0.1,0.86,-0.04,-0.09,0.04
0.4391655921936035,1703ad9a,Right Hand,-0.34,-0.1,0.86,-0.04,-0.09,0.04
0.43920278549194336,1703ad9a,Right Hand,-0.35,-0.09,0.84,-0.0,-0.12,0.05
0.4392201900482178,1703ad9a,Right Hand,-0.35,-0.09,0.84,-0.0,-0.12,0.05
0.43962955474853516,1703ad9a,Right Hand,-0.35,-0.09,0.84,-0.0,-0.12,0.05
0.4400503635406494,1703ad9a,Right Hand,-0.35,-0.09,0.84,-0.0,-0.12,0.05
0.4408409595489502,1703ad9a,Right Hand,-0.35,-0.09,0.84,-0.0,-0.12,0.05
0.4415771961212158,1703ad9a,Right Hand,-0.35,-0.09,0.84,-0.0,-0.12,0.05
0.44203758239746094,1703ad9a,Right Hand,-0.35,-0.09,0.84,-0.0,-0.12,0.05
0.4424612522125244,1703ad9a,Right Hand,-0.35,-0.09,0.8,0.06,-0.16,0.07
0.4429960250854492,1703ad9a,Right Hand,-0.35,-0.09,0.8,0.06,-0.16,0.07
0.44375157356262207,1703ad9a,Right Hand,-0.35,-0.09,0.8,0.06,-0.16,0.07
0.4444763660430908,1703ad9a,Right Hand,-0.35,-0.09,0.8,0.06,-0.16,0.07
0.44463634490966797,1703ad9a,Right Hand,-0.35,-0.09,0.8,0.06,-0.16,0.07
0.44525766372680664,1703ad9a,Right Hand,-0.35,-0.09,0.8,0.06,-0.16,0.07
0.44579410552978516,1703ad9a,Right Hand,-0.35,-0.09,0.8,0.06,-0.16,0.07
0.44628381729125977,1703ad9a,Right Hand,-0.33,-0.1,0.77,0.01,-0.25,0.13
0.44678640365600586,1703ad9a,Right Hand,-0.33,-0.1,0.77,0.01,-0.25,0.13
0.447268009185791,1703ad9a,Right Hand,-0.33,-0.1,0.77,0.01,-0.25,0.13
0.4480717182159424,1703ad9a,Right Hand,-0.33,-0.1,0.77,0.01,-0.25,0.13
0.4487137794494629,1703ad9a,Right Hand,-0.33,-0.1,0.77,0.01,-0.25,0.13
0.4493675231933594,1703ad9a,Right Hand,-0.33,-0.1,0.77,0.01,-0.25,0.13
0.44976234436035156,1703ad9a,Right Hand,-0.33,-0.1,0.77,0.01,-0.25,0.13
0.4501478672027588,1703ad9a,Right Hand,-0.34,-0.1,0.72,-0.09,-0.41,0.22
0.45054006576538086,1703ad9a,Right Hand,-0.34,-0.1,0.72,-0.09,-0.41,0.22
0.4509730339050293,1703ad9a,Right Hand,-0.34,-0.1,0.72,-0.09,-0.41,0.22
0.4514906406402588,1703ad9a,Right Hand,-0.34,-0.1,0.72,-0.09,-0.41,0.22
0.451981782913208,1703ad9a,Right Hand,-0.34,-0.1,0.72,-0.09,-0.41,0.22
0.5127968788146973,1703ad9a,Right Hand,-0.34,-0.1,0.72,-0.09,-0.41,0.22
0.5128989219665527,1703ad9a,Right Hand,-0.34,-0.1,0.72,-0.09,-0.41,0.22
0.5129332542419434,1703ad9a,Right Hand,-0.32,-0.11,0.7,0.02,-0.59,0.32
0.5129518508911133,1703ad9a,Right Hand,-0.32,-0.11,0.7,0.02,-0.59,0.32
0.5129694938659668,1703ad9a,Right Hand,-0.32,-0.11,0.7,0.02,-0.59,0.32
0.5129878520965576,1703ad9a,Right Hand,-0.32,-0.11,0.7,0.02,-0.59,0.32
0.513005256652832,1703ad9a,Right Hand,-0.32,-0.11,0.7,0.02,-0.59,0.32
0.5130360126495361,1703ad9a,Right Hand,-0.32,-0.11,0.7,0.02,-0.59,0.32
0.5130541324615479,1703ad9a,Right Hand,-0.32,-0.11,0.7,0.02,-0.59,0.32
0.5130729675292969,1703ad9a,Right Hand,-0.3,0.01,0.77,0.11,-0.7,0.32
0.5150895118713379,1703ad9a,Right Hand,-0.3,0.01,0.77,0.11,-0.7,0.32
0.5153102874755859,1703ad9a,Right Hand,-0.3,0.01,0.77,0.11,-0.7,0.32
0.5665879249572754,1703ad9a,Right Hand,-0.3,0.01,0.77,0.11,-0.7,0.32
0.566887378692627,1703ad9a,Right Hand,-0.3,0.01,0.77,0.11,-0.7,0.32
0.5669188499450684,1703ad9a,Right Hand,-0.3,0.01,0.77,0.11,-0.7,0.32
0.5669376850128174,1703ad9a,Right Hand,-0.3,0.01,0.77,0.11,-0.7,0.32
0.5669817924499512,1703ad9a,Right Hand,-0.26,0.08,0.81,0.22,-0.73,0.28
0.5670003890991211,1703ad9a,Right Hand,-0.26,0.08,0.81,0.22,-0.73,0.28
0.5670177936553955,1703ad9a,Right Hand,-0.26,0.08,0.81,0.22,-0.73,0.28
0.5670347213745117,1703ad9a,Right Hand,-0.26,0.08,0.81,0.22,-0.73,0.28
0.567054271697998,1703ad9a,Right Hand,-0.26,0.08,0.81,0.22,-0.73,0.28
0.5670714378356934,1703ad9a,Right Hand,-0.26,0.08,0.81,0.22,-0.73,0.28
0.5687229633331299,1703ad9a,Right Hand,-0.26,0.08,0.81,0.22,-0.73,0.28
0.5688061714172363,1703ad9a,Right Hand,-0.27,0.19,0.83,0.26,-0.82,0.14
0.5688588619232178,1703ad9a,Right Hand,-0.27,0.19,0.83,0.26,-0.82,0.14
0.569688081741333,1703ad9a,Right Hand,-0.27,0.19,0.83,0.26,-0.82,0.14
0.5698287487030029,1703ad9a,Right Hand,-0.27,0.19,0.83,0.26,-0.82,0.14
0.5708432197570801,1703ad9a,Right Hand,-0.27,0.19,0.83,0.26,-0.82,0.14
0.6293742656707764,1703ad9a,Right Hand,-0.27,0.19,0.83,0.26,-0.82,0.14
0.6294918060302734,1703ad9a,Right Hand,-0.27,0.19,0.83,0.26,-0.82,0.14
0.629514217376709,1703ad9a,Right Hand,-0.22,0.23,0.91,0.24,-0.95,0.02
0.6295328140258789,1703ad9a,Right Hand,-0.22,0.23,0.91,0.24,-0.95,0.02
0.6295514106750488,1703ad9a,Right Hand,-0.22,0.23,0.91,0.24,-0.95,0.02
0.6295690536499023,1703ad9a,Right Hand,-0.22,0.23,0.91,0.24,-0.95,0.02
0.6296031475067139,1703ad9a,Right Hand,-0.22,0.23,0.91,0.24,-0.95,0.02
0.6296207904815674,1703ad9a,Right Hand,-0.22,0.23,0.91,0.24,-0.95,0.02
0.6296379566192627,1703ad9a,Right Hand,-0.22,0.23,0.91,0.24,-0.95,0.02
0.629655122756958,1703ad9a,Right Hand,-0.24,0.36,0.81,0.41,-1.24,-0.21
0.6312589645385742,1703ad9a,Right Hand,-0.24,0.36,0.81,0.41,-1.24,-0.21
0.6313610076904297,1703ad9a,Right Hand,-0.24,0.36,0.81,0.41,-1.24,-0.21
0.6315286159515381,1703ad9a,Right Hand,-0.24,0.36,0.81,0.41,-1.24,-0.21
0.6319172382354736,1703ad9a,Right Hand,-0.24,0.36,0.81,0.41,-1.24,-0.21
0.6323041915893555,1703ad9a,Right Hand,-0.24,0.36,0.81,0.41,-1.24,-0.21
0.6327331066131592,1703ad9a,Right Hand,-0.24,0.36,0.81,0.41,-1.24,-0.21
0.6335690021514893,1703ad9a,Right Hand,-0.1,0.48,1.05,0.12,-1.68,-0.55
0.6341865062713623,1703ad9a,Right Hand,-0.1,0.48,1.05,0.12,-1.68,-0.55
0.634674072265625,1703ad9a,Right Hand,-0.1,0.48,1.05,0.12,-1.68,-0.55
0.6355040073394775,1703ad9a,Right Hand,-0.1,0.48,1.05,0.12,-1.68,-0.55
0.6915099620819092,1703ad9a,Right Hand,-0.1,0.48,1.05,0.12,-1.68,-0.55
0.6916334629058838,1703ad9a,Right Hand,-0.1,0.48,1.05,0.12,-1.68,-0.55
0.6916546821594238,1703ad9a,Right Hand,-0.1,0.48,1.05,0.12,-1.68,-0.55
0.6916744709014893,1703ad9a,Right Hand,-0.1,0.48,1.05,0.12,-1.68,-0.55
0.6916954517364502,1703ad9a,Right Hand,0.0,0.4,1.27,-0.18,-1.53,-0.91
0.6917135715484619,1703ad9a,Right Hand,0.0,0.4,1.27,-0.18,-1.53,-0.91
0.6917314529418945,1703ad9a,Right Hand,0.0,0.4,1.27,-0.18,-1.53,-0.91
0.691765308380127,1703ad9a,Right Hand,0.0,0.4,1.27,-0.18,-1.53,-0.91
0.6917827129364014,1703ad9a,Right Hand,0.0,0.4,1.27,-0.18,-1.53,-0.91
0.6917998790740967,1703ad9a,Right Hand,0.0,0.4,1.27,-0.18,-1.53,-0.91
0.6918294429779053,1703ad9a,Right Hand,0.0,0.4,1.27,-0.18,-1.53,-0.91
0.6918487548828125,1703ad9a,Right Hand,-0.06,0.34,1.31,-0.57,-1.42,-1.08
0.6922667026519775,1703ad9a,Right Hand,-0.06,0.34,1.31,-0.57,-1.42,-1.08
0.6926486492156982,1703ad9a,Right Hand,-0.06,0.34,1.31,-0.57,-1.42,-1.08
0.6934254169464111,1703ad9a,Right Hand,-0.06,0.34,1.31,-0.57,-1.42,-1.08
0.6939871311187744,1703ad9a,Right Hand,-0.06,0.34,1.31,-0.57,-1.42,-1.08
0.6944599151611328,1703ad9a,Right Hand,-0.06,0.34,1.31,-0.57,-1.42,-1.08
0.6949341297149658,1703ad9a,Right Hand,-0.06,0.34,1.31,-0.57,-1.42,-1.08
0.6953680515289307,1703ad9a,Right Hand,0.04,0.26,1.39,-0.39,-0.75,-1.28
0.6958370208740234,1703ad9a,Right Hand,0.04,0.26,1.39,-0.39,-0.75,-1.28
0.696284294128418,1703ad9a,Right Hand,0.04,0.26,1.39,-0.39,-0.75,-1.28
0.6967554092407227,1703ad9a,Right Hand,0.04,0.26,1.39,-0.39,-0.75,-1.28
0.6971991062164307,1703ad9a,Right Hand,0.04,0.26,1.39,-0.39,-0.75,-1.28
0.6979594230651855,1703ad9a,Right Hand,0.04,0.26,1.39,-0.39,-0.75,-1.28
0.6985902786254883,1703ad9a,Right Hand,0.04,0.26,1.39,-0.39,-0.75,-1.28
0.6990828514099121,1703ad9a,Right Hand,0.03,0.29,1.43,-0.38,-0.26,-1.61
0.6997458934783936,1703ad9a,Right Hand,0.03,0.29,1.43,-0.38,-0.26,-1.61
0.7032613754272461,1703ad9a,Right Hand,0.03,0.29,1.43,-0.38,-0.26,-1.61
0.759483814239502,1703ad9a,Right Hand,0.03,0.29,1.43,-0.38,-0.26,-1.61
0.7595887184143066,1703ad9a,Right Hand,0.03,0.29,1.43,-0.38,-0.26,-1.61
0.759610652923584,1703ad9a,Right Hand,0.03,0.29,1.43,-0.38,-0.26,-1.61
0.7596461772918701,1703ad9a,Right Hand,0.03,0.29,1.43,-0.38,-0.26,-1.61
0.7596640586853027,1703ad9a,Right Hand,-0.0,0.13,1.44,-0.61,0.33,-1.95
0.7596819400787354,1703ad9a,Right Hand,-0.0,0.13,1.44,-0.61,0.33,-1.95
0.7596991062164307,1703ad9a,Right Hand,-0.0,0.13,1.44,-0.61,0.33,-1.95
0.759716272354126,1703ad9a,Right Hand,-0.0,0.13,1.44,-0.61,0.33,-1.95
0.7597332000732422,1703ad9a,Right Hand,-0.0,0.13,1.44,-0.61,0.33,-1.95
0.7597939968109131,1703ad9a,Right Hand,-0.0,0.13,1.44,-0.61,0.33,-1.95
0.8115756511688232,1703ad9a,Right Hand,-0.0,0.13,1.44,-0.61,0.33,-1.95
0.8116836547851562,1703ad9a,Right Hand,-0.11,-0.11,1.3,-0.82,0.75,-1.94
0.8117082118988037,1703ad9a,Right Hand,-0.11,-0.11,1.3,-0.82,0.75,-1.94
0.8117284774780273,1703ad9a,Right Hand,-0.11,-0.11,1.3,-0.82,0.75,-1.94
0.8117468357086182,1703ad9a,Right Hand,-0.11,-0.11,1.3,-0.82,0.75,-1.94
0.8117814064025879,1703ad9a,Right Hand,-0.11,-0.11,1.3,-0.82,0.75,-1.94
0.8117992877960205,1703ad9a,Right Hand,-0.11,-0.11,1.3,-0.82,0.75,-1.94
0.8118164539337158,1703ad9a,Right Hand,-0.11,-0.11,1.3,-0.82,0.75,-1.94
0.8118400573730469,1703ad9a,Right Hand,-0.24,-0.47,1.13,-1.36,0.98,-1.61
0.8118574619293213,1703ad9a,Right Hand,-0.24,-0.47,1.13,-1.36,0.98,-1.61
0.8122539520263672,1703ad9a,Right Hand,-0.24,-0.47,1.13,-1.36,0.98,-1.61
0.8126852512359619,1703ad9a,Right Hand,-0.24,-0.47,1.13,-1.36,0.98,-1.61
0.8131153583526611,1703ad9a,Right Hand,-0.24,-0.47,1.13,-1.36,0.98,-1.61
0.813617467880249,1703ad9a,Right Hand,-0.24,-0.47,1.13,-1.36,0.98,-1.61
0.8141782283782959,1703ad9a,Right Hand,-0.24,-0.47,1.13,-1.36,0.98,-1.61
0.8149659633636475,1703ad9a,Right Hand,-0.36,-0.71,0.89,-0.96,0.96,-1.2
0.8156423568725586,1703ad9a,Right Hand,-0.36,-0.71,0.89,-0.96,0.96,-1.2
0.8161177635192871,1703ad9a,Right Hand,-0.36,-0.71,0.89,-0.96,0.96,-1.2
0.8165915012359619,1703ad9a,Right Hand,-0.36,-0.71,0.89,-0.96,0.96,-1.2
0.8170692920684814,1703ad9a,Right Hand,-0.36,-0.71,0.89,-0.96,0.96,-1.2
0.8176946640014648,1703ad9a,Right Hand,-0.36,-0.71,0.89,-0.96,0.96,-1.2
0.8182179927825928,1703ad9a,Right Hand,-0.36,-0.71,0.89,-0.96,0.96,-1.2
0.8187391757965088,1703ad9a,Right Hand,-0.36,-0.9,0.79,-0.29,0.83,-1.07
0.8197216987609863,1703ad9a,Right Hand,-0.36,-0.9,0.79,-0.29,0.83,-1.07
0.8742642402648926,1703ad9a,Right Hand,-0.36,-0.9,0.79,-0.29,0.83,-1.07
0.8743979930877686,1703ad9a,Right Hand,-0.36,-0.9,0.79,-0.29,0.83,-1.07
0.8744215965270996,1703ad9a,Right Hand,-0.36,-0.9,0.79,-0.29,0.83,-1.07
0.8744409084320068,1703ad9a,Right Hand,-0.36,-0.9,0.79,-0.29,0.83,-1.07
0.874459981918335,1703ad9a,Right Hand,-0.36,-0.9,0.79,-0.29,0.83,-1.07
0.8744776248931885,1703ad9a,Right Hand,-0.26,-1.01,0.83,0.3,0.57,-0.5
0.8745081424713135,1703ad9a,Right Hand,-0.26,-1.01,0.83,0.3,0.57,-0.5
0.8745260238647461,1703ad9a,Right Hand,-0.26,-1.01,0.83,0.3,0.57,-0.5
0.8745443820953369,1703ad9a,Right Hand,-0.26,-1.01,0.83,0.3,0.57,-0.5
0.8745622634887695,1703ad9a,Right Hand,-0.26,-1.01,0.83,0.3,0.57,-0.5
0.874579668045044,1703ad9a,Right Hand,-0.26,-1.01,0.83,0.3,0.57,-0.5
0.8761332035064697,1703ad9a,Right Hand,-0.26,-1.01,0.83,0.3,0.57,-0.5
0.8762369155883789,1703ad9a,Right Hand,-0.22,-0.9,0.87,0.46,0.32,0.32
0.8766698837280273,1703ad9a,Right Hand,-0.22,-0.9,0.87,0.46,0.32,0.32
0.877063512802124,1703ad9a,Right Hand,-0.22,-0.9,0.87,0.46,0.32,0.32
0.8774769306182861,1703ad9a,Right Hand,-0.22,-0.9,0.87,0.46,0.32,0.32
0.8782262802124023,1703ad9a,Right Hand,-0.22,-0.9,0.87,0.46,0.32,0.32
0.8788039684295654,1703ad9a,Right Hand,-0.22,-0.9,0.87,0.46,0.32,0.32
0.8794491291046143,1703ad9a,Right Hand,-0.22,-0.9,0.87,0.46,0.32,0.32
0.8845376968383789,1703ad9a,Right Hand,-0.18,-0.76,0.87,0.49,0.19,0.83
0.9442167282104492,1703ad9a,Right Hand,-0.18,-0.76,0.87,0.49,0.19,0.83
0.9443166255950928,1703ad9a,Right Hand,-0.18,-0.76,0.87,0.49,0.19,0.83
0.9443378448486328,1703ad9a,Right Hand,-0.18,-0.76,0.87,0.49,0.19,0.83
0.9443700313568115,1703ad9a,Right Hand,-0.18,-0.76,0.87,0.49,0.19,0.83
0.9443886280059814,1703ad9a,Right Hand,-0.18,-0.76,0.87,0.49,0.19,0.83
0.9444069862365723,1703ad9a,Right Hand,-0.18,-0.76,0.87,0.49,0.19,0.83
0.944425106048584,1703ad9a,Right Hand,-0.16,-0.64,0.88,1.05,0.36,1.03
0.9444425106048584,1703ad9a,Right Hand,-0.16,-0.64,0.88,1.05,0.36,1.03
0.9444794654846191,1703ad9a,Right Hand,-0.16,-0.64,0.88,1.05,0.36,1.03
0.9444990158081055,1703ad9a,Right Hand,-0.16,-0.64,0.88,1.05,0.36,1.03
0.9460620880126953,1703ad9a,Right Hand,-0.16,-0.64,0.88,1.05,0.36,1.03
0.9461636543273926,1703ad9a,Right Hand,-0.16,-0.64,0.88,1.05,0.36,1.03
0.9465913772583008,1703ad9a,Right Hand,-0.16,-0.64,0.88,1.05,0.36,1.03
0.9472699165344238,1703ad9a,Right Hand,-0.13,-0.46,0.89,1.39,0.48,1.16
0.9481058120727539,1703ad9a,Right Hand,-0.13,-0.46,0.89,1.39,0.48,1.16
0.9486427307128906,1703ad9a,Right Hand,-0.13,-0.46,0.89,1.39,0.48,1.16
0.9491071701049805,1703ad9a,Right Hand,-0.13,-0.46,0.89,1.39,0.48,1.16
0.9495694637298584,1703ad9a,Right Hand,-0.13,-0.46,0.89,1.39,0.48,1.16
0.9503347873687744,1703ad9a,Right Hand,-0.13,-0.46,0.89,1.39,0.48,1.16
0.9511382579803467,1703ad9a,Right Hand,-0.13,-0.46,0.89,1.39,0.48,1.16
0.9516916275024414,1703ad9a,Right Hand,-0.08,-0.21,1.0,1.69,0.54,1.39
1.0046052932739258,1703ad9a,Right Hand,-0.08,-0.21,1.0,1.69,0.54,1.39
1.0047123432159424,1703ad9a,Right Hand,-0.08,-0.21,1.0,1.69,0.54,1.39
1.0047345161437988,1703ad9a,Right Hand,-0.08,-0.21,1.0,1.69,0.54,1.39
1.0047533512115479,1703ad9a,Right Hand,-0.08,-0.21,1.0,1.69,0.54,1.39
1.0047719478607178,1703ad9a,Right Hand,-0.08,-0.21,1.0,1.69,0.54,1.39
1.0047893524169922,1703ad9a,Right Hand,-0.08,-0.21,1.0,1.69,0.54,1.39
1.0048229694366455,1703ad9a,Right Hand,-0.04,0.1,1.11,1.65,0.6,1.51
1.0062980651855469,1703ad9a,Right Hand,-0.04,0.1,1.11,1.65,0.6,1.51
1.0064897537231445,1703ad9a,Right Hand,-0.04,0.1,1.11,1.65,0.6,1.51
1.0066132545471191,1703ad9a,Right Hand,-0.04,0.1,1.11,1.65,0.6,1.51
1.0069968700408936,1703ad9a,Right Hand,-0.04,0.1,1.11,1.65,0.6,1.51
1.0073797702789307,1703ad9a,Right Hand,-0.04,0.1,1.11,1.65,0.6,1.51
1.0077908039093018,1703ad9a,Right Hand,-0.04,0.1,1.11,1.65,0.6,1.51
1.00826096534729,1703ad9a,Right Hand,-0.03,0.42,1.18,1.58,0.76,1.4
1.0088913440704346,1703ad9a,Right Hand,-0.03,0.42,1.18,1.58,0.76,1.4
1.0094916820526123,1703ad9a,Right Hand,-0.03,0.42,1.18,1.58,0.76,1.4
1.0096452236175537,1703ad9a,Right Hand,-0.03,0.42,1.18,1.58,0.76,1.4
1.010026454925537,1703ad9a,Right Hand,-0.03,0.42,1.18,1.58,0.76,1.4
1.0124733448028564,1703ad9a,Right Hand,-0.03,0.42,1.18,1.58,0.76,1.4
1.0652883052825928,1703ad9a,Right Hand,-0.03,0.42,1.18,1.58,0.76,1.4
1.0653986930847168,1703ad9a,Right Hand,-0.04,0.66,1.16,1.33,1.13,1.07
1.0654237270355225,1703ad9a,Right Hand,-0.04,0.66,1.16,1.33,1.13,1.07
1.0654432773590088,1703ad9a,Right Hand,-0.04,0.66,1.16,1.33,1.13,1.07
1.065478801727295,1703ad9a,Right Hand,-0.04,0.66,1.16,1.33,1.13,1.07
1.065497875213623,1703ad9a,Right Hand,-0.04,0.66,1.16,1.33,1.13,1.07
1.065516710281372,1703ad9a,Right Hand,-0.04,0.66,1.16,1.33,1.13,1.07
1.0655357837677002,1703ad9a,Right Hand,-0.04,0.66,1.16,1.33,1.13,1.07
1.065575361251831,1703ad9a,Right Hand,-0.07,0.77,1.02,1.08,1.43,0.55
1.0661635398864746,1703ad9a,Right Hand,-0.07,0.77,1.02,1.08,1.43,0.55
1.066572904586792,1703ad9a,Right Hand,-0.07,0.77,1.02,1.08,1.43,0.55
1.0673091411590576,1703ad9a,Right Hand,-0.07,0.77,1.02,1.08,1.43,0.55
1.067420244216919,1703ad9a,Right Hand,-0.07,0.77,1.02,1.08,1.43,0.55
1.0679340362548828,1703ad9a,Right Hand,-0.07,0.77,1.02,1.08,1.43,0.55
1.068469524383545,1703ad9a,Right Hand,-0.07,0.77,1.02,1.08,1.43,0.55
1.0690572261810303,1703ad9a,Right Hand,-0.07,0.77,1.02,1.08,1.43,0.55
1.0697593688964844,1703ad9a,Right Hand,-0.13,0.76,0.84,0.72,1.49,-0.04
1.0703952312469482,1703ad9a,Right Hand,-0.13,0.76,0.84,0.72,1.49,-0.04
1.0729389190673828,1703ad9a,Right Hand,-0.13,0.76,0.84,0.72,1.49,-0.04
1.1292955875396729,1703ad9a,Right Hand,-0.13,0.76,0.84,0.72,1.49,-0.04
1.129410743713379,1703ad9a,Right Hand,-0.13,0.76,0.84,0.72,1.49,-0.04
1.1294338703155518,1703ad9a,Right Hand,-0.13,0.76,0.84,0.72,1.49,-0.04
1.1294784545898438,1703ad9a,Right Hand,-0.13,0.76,0.84,0.72,1.49,-0.04
1.1294968128204346,1703ad9a,Right Hand,-0.15,0.69,0.71,0.32,1.36,-0.53
1.1295154094696045,1703ad9a,Right Hand,-0.15,0.69,0.71,0.32,1.36,-0.53
1.129533290863037,1703ad9a,Right Hand,-0.15,0.69,0.71,0.32,1.36,-0.53
1.1295511722564697,1703ad9a,Right Hand,-0.15,0.69,0.71,0.32,1.36,-0.53
1.1311416625976562,1703ad9a,Right Hand,-0.15,0.69,0.71,0.32,1.36,-0.53
1.1313495635986328,1703ad9a,Right Hand,-0.15,0.69,0.71,0.32,1.36,-0.53
1.1313953399658203,1703ad9a,Right Hand,-0.15,0.69,0.71,0.32,1.36,-0.53
1.1318588256835938,1703ad9a,Right Hand,-0.15,0.61,0.57,-0.35,1.15,-0.78
1.1322400569915771,1703ad9a,Right Hand,-0.15,0.61,0.57,-0.35,1.15,-0.78
1.1326184272766113,1703ad9a,Right Hand,-0.15,0.61,0.57,-0.35,1.15,-0.78
1.133307933807373,1703ad9a,Right Hand,-0.15,0.61,0.57,-0.35,1.15,-0.78
1.1341276168823242,1703ad9a,Right Hand,-0.15,0.61,0.57,-0.35,1.15,-0.78
1.1346275806427002,1703ad9a,Right Hand,-0.15,0.61,0.57,-0.35,1.15,-0.78
1.1350901126861572,1703ad9a,Right Hand,-0.15,0.61,0.57,-0.35,1.15,-0.78
1.135514259338379,1703ad9a,Right Hand,-0.16,0.49,0.44,-0.68,0.91,-1.06
1.1862843036651611,1703ad9a,Right Hand,-0.16,0.49,0.44,-0.68,0.91,-1.06
1.186405897140503,1703ad9a,Right Hand,-0.16,0.49,0.44,-0.68,0.91,-1.06
1.186434268951416,1703ad9a,Right Hand,-0.16,0.49,0.44,-0.68,0.91,-1.06
1.1864593029022217,1703ad9a,Right Hand,-0.16,0.49,0.44,-0.68,0.91,-1.06
1.186488151550293,1703ad9a,Right Hand,-0.16,0.49,0.44,-0.68,0.91,-1.06
1.1865074634552002,1703ad9a,Right Hand,-0.16,0.49,0.44,-0.68,0.91,-1.06
1.1865253448486328,1703ad9a,Right Hand,-0.16,0.33,0.31,-0.79,0.57,-1.41
1.1865437030792236,1703ad9a,Right Hand,-0.16,0.33,0.31,-0.79,0.57,-1.41
1.186561107635498,1703ad9a,Right Hand,-0.16,0.33,0.31,-0.79,0.57,-1.41
1.1883025169372559,1703ad9a,Right Hand,-0.16,0.33,0.31,-0.79,0.57,-1.41
1.1884183883666992,1703ad9a,Right Hand,-0.16,0.33,0.31,-0.79,0.57,-1.41
1.1888298988342285,1703ad9a,Right Hand,-0.16,0.33,0.31,-0.79,0.57,-1.41
1.189249038696289,1703ad9a,Right Hand,-0.16,0.33,0.31,-0.79,0.57,-1.41
1.189621925354004,1703ad9a,Right Hand,-0.18,0.13,0.2,-0.7,0.17,-1.57
1.1900646686553955,1703ad9a,Right Hand,-0.18,0.13,0.2,-0.7,0.17,-1.57
1.1905174255371094,1703ad9a,Right Hand,-0.18,0.13,0.2,-0.7,0.17,-1.57
1.1909871101379395,1703ad9a,Right Hand,-0.18,0.13,0.2,-0.7,0.17,-1.57
1.1921534538269043,1703ad9a,Right Hand,-0.18,0.13,0.2,-0.7,0.17,-1.57
1.197521448135376,1703ad9a,Right Hand,-0.18,0.13,0.2,-0.7,0.17,-1.57
1.2002959251403809,1703ad9a,Right Hand,-0.18,0.13,0.2,-0.7,0.17,-1.57
1.2592566013336182,1703ad9a,Right Hand,-0.18,0.13,0.2,-0.7,0.17,-1.57
1.259376049041748,1703ad9a,Right Hand,-0.14,0.04,0.18,-0.66,-0.23,-1.48
1.2594144344329834,1703ad9a,Right Hand,-0.14,0.04,0.18,-0.66,-0.23,-1.48
1.259434700012207,1703ad9a,Right Hand,-0.14,0.04,0.18,-0.66,-0.23,-1.48
1.259453535079956,1703ad9a,Right Hand,-0.14,0.04,0.18,-0.66,-0.23,-1.48
1.2594711780548096,1703ad9a,Right Hand,-0.14,0.04,0.18,-0.66,-0.23,-1.48
1.259488582611084,1703ad9a,Right Hand,-0.14,0.04,0.18,-0.66,-0.23,-1.48
1.2595064640045166,1703ad9a,Right Hand,-0.14,0.04,0.18,-0.66,-0.23,-1.48
1.2595412731170654,1703ad9a,Right Hand,-0.21,-0.16,0.14,-0.83,-0.66,-1.55
1.2610914707183838,1703ad9a,Right Hand,-0.21,-0.16,0.14,-0.83,-0.66,-1.55
1.2612011432647705,1703ad9a,Right Hand,-0.21,-0.16,0.14,-0.83,-0.66,-1.55
1.2616212368011475,1703ad9a,Right Hand,-0.21,-0.16,0.14,-0.83,-0.66,-1.55
1.2619950771331787,1703ad9a,Right Hand,-0.21,-0.16,0.14,-0.83,-0.66,-1.55
1.262436866760254,1703ad9a,Right Hand,-0.21,-0.16,0.14,-0.83,-0.66,-1.55
1.3183667659759521,1703ad9a,Right Hand,-0.21,-0.16,0.14,-0.83,-0.66,-1.55
1.3184750080108643,1703ad9a,Right Hand,-0.25,-0.41,0.1,-0.65,-0.99,-1.33
1.3184974193572998,1703ad9a,Right Hand,-0.25,-0.41,0.1,-0.65,-0.99,-1.33
1.3185176849365234,1703ad9a,Right Hand,-0.25,-0.41,0.1,-0.65,-0.99,-1.33
1.318544626235962,1703ad9a,Right Hand,-0.25,-0.41,0.1,-0.65,-0.99,-1.33
1.3185627460479736,1703ad9a,Right Hand,-0.25,-0.41,0.1,-0.65,-0.99,-1.33
1.3185803890228271,1703ad9a,Right Hand,-0.25,-0.41,0.1,-0.65,-0.99,-1.33
1.3185975551605225,1703ad9a,Right Hand,-0.25,-0.41,0.1,-0.65,-0.99,-1.33
1.318615198135376,1703ad9a,Right Hand,-0.27,-0.41,0.18,0.07,-1.42,-0.97
1.318648338317871,1703ad9a,Right Hand,-0.27,-0.41,0.18,0.07,-1.42,-0.97
1.3197605609893799,1703ad9a,Right Hand,-0.27,-0.41,0.18,0.07,-1.42,-0.97
1.3198893070220947,1703ad9a,Right Hand,-0.27,-0.41,0.18,0.07,-1.42,-0.97
1.320016622543335,1703ad9a,Right Hand,-0.27,-0.41,0.18,0.07,-1.42,-0.97
1.3206675052642822,1703ad9a,Right Hand,-0.27,-0.41,0.18,0.07,-1.42,-0.97
1.3212239742279053,1703ad9a,Right Hand,-0.27,-0.41,0.18,0.07,-1.42,-0.97
1.3217830657958984,1703ad9a,Right Hand,-0.2,-0.12,0.45,0.08,-1.81,-0.79
1.3737082481384277,1703ad9a,Right Hand,-0.2,-0.12,0.45,0.08,-1.81,-0.79
1.3738327026367188,1703ad9a,Right Hand,-0.2,-0.12,0.45,0.08,-1.81,-0.79
1.373870611190796,1703ad9a,Right Hand,-0.2,-0.12,0.45,0.08,-1.81,-0.79
1.3738901615142822,1703ad9a,Right Hand,-0.2,-0.12,0.45,0.08,-1.81,-0.79
1.373908281326294,1703ad9a,Right Hand,-0.2,-0.12,0.45,0.08,-1.81,-0.79
1.3739261627197266,1703ad9a,Right Hand,-0.2,-0.12,0.45,0.08,-1.81,-0.79
1.3739442825317383,1703ad9a,Right Hand,-0.17,-0.09,0.65,-0.7,-1.96,-0.82
1.373979091644287,1703ad9a,Right Hand,-0.17,-0.09,0.65,-0.7,-1.96,-0.82
1.3739969730377197,1703ad9a,Right Hand,-0.17,-0.09,0.65,-0.7,-1.96,-0.82
1.3758974075317383,1703ad9a,Right Hand,-0.17,-0.09,0.65,-0.7,-1.96,-0.82
1.3760080337524414,1703ad9a,Right Hand,-0.17,-0.09,0.65,-0.7,-1.96,-0.82
1.3764252662658691,1703ad9a,Right Hand,-0.17,-0.09,0.65,-0.7,-1.96,-0.82
1.3768646717071533,1703ad9a,Right Hand,-0.17,-0.09,0.65,-0.7,-1.96,-0.82
1.3776028156280518,1703ad9a,Right Hand,-0.2,-0.22,0.69,-0.95,-1.96,-0.91
1.3784544467926025,1703ad9a,Right Hand,-0.2,-0.22,0.69,-0.95,-1.96,-0.91
1.3791148662567139,1703ad9a,Right Hand,-0.2,-0.22,0.69,-0.95,-1.96,-0.91
1.379621982574463,1703ad9a,Right Hand,-0.2,-0.22,0.69,-0.95,-1.96,-0.91
1.3800194263458252,1703ad9a,Right Hand,-0.2,-0.22,0.69,-0.95,-1.96,-0.91
1.380401611328125,1703ad9a,Right Hand,-0.2,-0.22,0.69,-0.95,-1.96,-0.91
1.3808224201202393,1703ad9a,Right Hand,-0.2,-0.22,0.69,-0.95,-1.96,-0.91
1.3814809322357178,1703ad9a,Right Hand,-0.23,-0.37,0.73,-0.87,-2.09,-0.88
1.3823351860046387,1703ad9a,Right Hand,-0.23,-0.37,0.73,-0.87,-2.09,-0.88
1.3828094005584717,1703ad9a,Right Hand,-0.23,-0.37,0.73,-0.87,-2.09,-0.88
1.4393870830535889,1703ad9a,Right Hand,-0.23,-0.37,0.73,-0.87,-2.09,-0.88
1.4395098686218262,1703ad9a,Right Hand,-0.23,-0.37,0.73,-0.87,-2.09,-0.88
1.43953537940979,1703ad9a,Right Hand,-0.23,-0.37,0.73,-0.87,-2.09,-0.88
1.4395549297332764,1703ad9a,Right Hand,-0.23,-0.37,0.73,-0.87,-2.09,-0.88
1.439572811126709,1703ad9a,Right Hand,-0.21,-0.34,0.93,-0.76,-2.28,-0.8
1.4396040439605713,1703ad9a,Right Hand,-0.21,-0.34,0.93,-0.76,-2.28,-0.8
1.4396216869354248,1703ad9a,Right Hand,-0.21,-0.34,0.93,-0.76,-2.28,-0.8
1.4396390914916992,1703ad9a,Right Hand,-0.21,-0.34,0.93,-0.76,-2.28,-0.8
1.4396569728851318,1703ad9a,Right Hand,-0.21,-0.34,0.93,-0.76,-2.28,-0.8
1.4411282539367676,1703ad9a,Right Hand,-0.21,-0.34,0.93,-0.76,-2.28,-0.8
1.4413137435913086,1703ad9a,Right Hand,-0.21,-0.34,0.93,-0.76,-2.28,-0.8
1.441758632659912,1703ad9a,Right Hand,-0.11,-0.32,1.21,-1.09,-2.21,-0.59
1.442237377166748,1703ad9a,Right Hand,-0.11,-0.32,1.21,-1.09,-2.21,-0.59
1.4427225589752197,1703ad9a,Right Hand,-0.11,-0.32,1.21,-1.09,-2.21,-0.59
1.4432041645050049,1703ad9a,Right Hand,-0.11,-0.32,1.21,-1.09,-2.21,-0.59
1.4441759586334229,1703ad9a,Right Hand,-0.11,-0.32,1.21,-1.09,-2.21,-0.59
1.4448189735412598,1703ad9a,Right Hand,-0.11,-0.32,1.21,-1.09,-2.21,-0.59
1.4452800750732422,1703ad9a,Right Hand,-0.11,-0.32,1.21,-1.09,-2.21,-0.59
1.448739767074585,1703ad9a,Right Hand,-0.09,-0.4,1.45,-1.44,-2.0,-0.42
1.498124122619629,1703ad9a,Right Hand,-0.09,-0.4,1.45,-1.44,-2.0,-0.42
1.498225450515747,1703ad9a,Right Hand,-0.09,-0.4,1.45,-1.44,-2.0,-0.42
1.4982469081878662,1703ad9a,Right Hand,-0.09,-0.4,1.45,-1.44,-2.0,-0.42
1.4982781410217285,1703ad9a,Right Hand,-0.09,-0.4,1.45,-1.44,-2.0,-0.42
1.4982962608337402,1703ad9a,Right Hand,-0.09,-0.4,1.45,-1.44,-2.0,-0.42
1.4983139038085938,1703ad9a,Right Hand,-0.09,-0.4,1.45,-1.44,-2.0,-0.42
1.4983322620391846,1703ad9a,Right Hand,-0.12,-0.48,1.71,-0.92,-1.58,-0.43
1.4983491897583008,1703ad9a,Right Hand,-0.12,-0.48,1.71,-0.92,-1.58,-0.43
1.499941110610962,1703ad9a,Right Hand,-0.12,-0.48,1.71,-0.92,-1.58,-0.43
1.500058650970459,1703ad9a,Right Hand,-0.12,-0.48,1.71,-0.92,-1.58,-0.43
1.5005061626434326,1703ad9a,Right Hand,-0.12,-0.48,1.71,-0.92,-1.58,-0.43
1.5010201930999756,1703ad9a,Right Hand,-0.12,-0.48,1.71,-0.92,-1.58,-0.43
1.501655101776123,1703ad9a,Right Hand,-0.12,-0.48,1.71,-0.92,-1.58,-0.43
1.502166986465454,1703ad9a,Right Hand,-0.05,-0.6,2.0,-0.23,-0.86,-0.1
1.5027074813842773,1703ad9a,Right Hand,-0.05,-0.6,2.0,-0.23,-0.86,-0.1
1.5051238536834717,1703ad9a,Right Hand,-0.05,-0.6,2.0,-0.23,-0.86,-0.1
1.5080127716064453,1703ad9a,Right Hand,-0.05,-0.6,2.0,-0.23,-0.86,-0.1
1.5108082294464111,1703ad9a,Right Hand,-0.05,-0.6,2.0,-0.23,-0.86,-0.1
1.5687134265899658,1703ad9a,Right Hand,-0.05,-0.6,2.0,-0.23,-0.86,-0.1
1.5688321590423584,1703ad9a,Right Hand,-0.05,-0.6,2.0,-0.23,-0.86,-0.1
1.5688724517822266,1703ad9a,Right Hand,-0.12,-0.58,2.0,-0.05,-0.05,0.24
1.5688910484313965,1703ad9a,Right Hand,-0.12,-0.58,2.0,-0.05,-0.05,0.24
1.5689098834991455,1703ad9a,Right Hand,-0.12,-0.58,2.0,-0.05,-0.05,0.24
1.5689280033111572,1703ad9a,Right Hand,-0.12,-0.58,2.0,-0.05,-0.05,0.24
1.5689451694488525,1703ad9a,Right Hand,-0.12,-0.58,2.0,-0.05,-0.05,0.24
1.5689806938171387,1703ad9a,Right Hand,-0.12,-0.58,2.0,-0.05,-0.05,0.24
1.5705621242523193,1703ad9a,Right Hand,-0.12,-0.58,2.0,-0.05,-0.05,0.24
1.5706815719604492,1703ad9a,Right Hand,-0.23,-0.41,1.87,0.24,0.45,0.18
1.5712320804595947,1703ad9a,Right Hand,-0.23,-0.41,1.87,0.24,0.45,0.18
1.5717642307281494,1703ad9a,Right Hand,-0.23,-0.41,1.87,0.24,0.45,0.18
1.5721871852874756,1703ad9a,Right Hand,-0.23,-0.41,1.87,0.24,0.45,0.18
1.5732181072235107,1703ad9a,Right Hand,-0.23,-0.41,1.87,0.24,0.45,0.18
1.6527283191680908,1703ad9a,Right Hand,-0.23,-0.41,1.87,0.24,0.45,0.18
1.6528418064117432,1703ad9a,Right Hand,-0.23,-0.41,1.87,0.24,0.45,0.18
1.6528804302215576,1703ad9a,Right Hand,-0.1,-0.44,1.94,0.45,0.79,0.14
1.6528997421264648,1703ad9a,Right Hand,-0.1,-0.44,1.94,0.45,0.79,0.14
1.6529195308685303,1703ad9a,Right Hand,-0.1,-0.44,1.94,0.45,0.79,0.14
1.652937650680542,1703ad9a,Right Hand,-0.1,-0.44,1.94,0.45,0.79,0.14
1.6529552936553955,1703ad9a,Right Hand,-0.1,-0.44,1.94,0.45,0.79,0.14
1.6529743671417236,1703ad9a,Right Hand,-0.1,-0.44,1.94,0.45,0.79,0.14
1.6530184745788574,1703ad9a,Right Hand,-0.1,-0.44,1.94,0.45,0.79,0.14
1.6530377864837646,1703ad9a,Right Hand,0.02,-0.53,1.87,0.74,1.47,0.32
1.6530649662017822,1703ad9a,Right Hand,0.02,-0.53,1.87,0.74,1.47,0.32
1.7106685638427734,1703ad9a,Right Hand,0.02,-0.53,1.87,0.74,1.47,0.32
1.710787057876587,1703ad9a,Right Hand,0.02,-0.53,1.87,0.74,1.47,0.32
1.7108120918273926,1703ad9a,Right Hand,0.02,-0.53,1.87,0.74,1.47,0.32
1.7108311653137207,1703ad9a,Right Hand,0.02,-0.53,1.87,0.74,1.47,0.32
1.7108495235443115,1703ad9a,Right Hand,0.02,-0.53,1.87,0.74,1.47,0.32
1.7108840942382812,1703ad9a,Right Hand,-0.01,-0.36,1.67,1.35,1.77,0.61
1.7109019756317139,1703ad9a,Right Hand,-0.01,-0.36,1.67,1.35,1.77,0.61
1.7109200954437256,1703ad9a,Right Hand,-0.01,-0.36,1.67,1.35,1.77,0.61
1.7109375,1703ad9a,Right Hand,-0.01,-0.36,1.67,1.35,1.77,0.61
1.7109606266021729,1703ad9a,Right Hand,-0.01,-0.36,1.67,1.35,1.77,0.61
1.710977554321289,1703ad9a,Right Hand,-0.01,-0.36,1.67,1.35,1.77,0.61
1.7633557319641113,1703ad9a,Right Hand,-0.01,-0.36,1.67,1.35,1.77,0.61
1.7634563446044922,1703ad9a,Right Hand,-0.09,-0.16,1.44,1.1,2.0,0.58
1.763477087020874,1703ad9a,Right Hand,-0.09,-0.16,1.44,1.1,2.0,0.58
1.7634949684143066,1703ad9a,Right Hand,-0.09,-0.16,1.44,1.1,2.0,0.58
1.7635130882263184,1703ad9a,Right Hand,-0.09,-0.16,1.44,1.1,2.0,0.58
1.763547658920288,1703ad9a,Right Hand,-0.09,-0.16,1.44,1.1,2.0,0.58
1.763566493988037,1703ad9a,Right Hand,-0.09,-0.16,1.44,1.1,2.0,0.58
1.7635831832885742,1703ad9a,Right Hand,-0.09,-0.16,1.44,1.1,2.0,0.58
1.7636005878448486,1703ad9a,Right Hand,-0.15,-0.08,1.23,1.2,2.12,0.39
1.8138747215270996,1703ad9a,Right Hand,-0.15,-0.08,1.23,1.2,2.12,0.39
1.8141846656799316,1703ad9a,Right Hand,-0.15,-0.08,1.23,1.2,2.12,0.39
1.8142194747924805,1703ad9a,Right Hand,-0.15,-0.08,1.23,1.2,2.12,0.39
1.8142404556274414,1703ad9a,Right Hand,-0.15,-0.08,1.23,1.2,2.12,0.39
1.8142597675323486,1703ad9a,Right Hand,-0.15,-0.08,1.23,1.2,2.12,0.39
1.8142950534820557,1703ad9a,Right Hand,-0.15,-0.08,1.23,1.2,2.12,0.39
1.8143129348754883,1703ad9a,Right Hand,-0.16,-0.08,1.03,1.11,2.04,0.22
1.8143315315246582,1703ad9a,Right Hand,-0.16,-0.08,1.03,1.11,2.04,0.22
1.81434965133667,1703ad9a,Right Hand,-0.16,-0.08,1.03,1.11,2.04,0.22
1.8143672943115234,1703ad9a,Right Hand,-0.16,-0.08,1.03,1.11,2.04,0.22
1.8144221305847168,1703ad9a,Right Hand,-0.16,-0.08,1.03,1.11,2.04,0.22
1.8144640922546387,1703ad9a,Right Hand,-0.16,-0.08,1.03,1.11,2.04,0.22
1.8149211406707764,1703ad9a,Right Hand,-0.16,-0.08,1.03,1.11,2.04,0.22
1.8153676986694336,1703ad9a,Right Hand,-0.13,-0.08,0.95,0.9,1.96,0.28
1.8157782554626465,1703ad9a,Right Hand,-0.13,-0.08,0.95,0.9,1.96,0.28
1.816293478012085,1703ad9a,Right Hand,-0.13,-0.08,0.95,0.9,1.96,0.28
1.816826581954956,1703ad9a,Right Hand,-0.13,-0.08,0.95,0.9,1.96,0.28
1.8173184394836426,1703ad9a,Right Hand,-0.13,-0.08,0.95,0.9,1.96,0.28
1.8178260326385498,1703ad9a,Right Hand,-0.13,-0.08,0.95,0.9,1.96,0.28
1.8182728290557861,1703ad9a,Right Hand,-0.13,-0.08,0.95,0.9,1.96,0.28
1.818772315979004,1703ad9a,Right Hand,-0.12,-0.03,0.82,0.81,1.87,0.42
1.819258689880371,1703ad9a,Right Hand,-0.12,-0.03,0.82,0.81,1.87,0.42
1.8199212551116943,1703ad9a,Right Hand,-0.12,-0.03,0.82,0.81,1.87,0.42
1.82073974609375,1703ad9a,Right Hand,-0.12,-0.03,0.82,0.81,1.87,0.42
1.8216683864593506,1703ad9a,Right Hand,-0.12,-0.03,0.82,0.81,1.87,0.42
1.8218889236450195,1703ad9a,Right Hand,-0.12,-0.03,0.82,0.81,1.87,0.42
1.8786990642547607,1703ad9a,Right Hand,-0.12,-0.03,0.82,0.81,1.87,0.42
1.878896951675415,1703ad9a,Right Hand,-0.15,0.02,0.68,0.59,1.76,0.48
1.8789253234863281,1703ad9a,Right Hand,-0.15,0.02,0.68,0.59,1.76,0.48
1.8789465427398682,1703ad9a,Right Hand,-0.15,0.02,0.68,0.59,1.76,0.48
1.8789825439453125,1703ad9a,Right Hand,-0.15,0.02,0.68,0.59,1.76,0.48
1.8790006637573242,1703ad9a,Right Hand,-0.15,0.02,0.68,0.59,1.76,0.48
1.8790178298950195,1703ad9a,Right Hand,-0.15,0.02,0.68,0.59,1.76,0.48
1.879035234451294,1703ad9a,Right Hand,-0.15,0.02,0.68,0.59,1.76,0.48
1.8790524005889893,1703ad9a,Right Hand,-0.2,0.07,0.57,0.71,1.56,0.37
1.879087209701538,1703ad9a,Right Hand,-0.2,0.07,0.57,0.71,1.56,0.37
1.879112720489502,1703ad9a,Right Hand,-0.2,0.07,0.57,0.71,1.56,0.37
1.8791308403015137,1703ad9a,Right Hand,-0.2,0.07,0.57,0.71,1.56,0.37
1.8795385360717773,1703ad9a,Right Hand,-0.2,0.07,0.57,0.71,1.56,0.37
1.879678726196289,1703ad9a,Right Hand,-0.2,0.07,0.57,0.71,1.56,0.37
1.880103588104248,1703ad9a,Right Hand,-0.2,0.07,0.57,0.71,1.56,0.37
1.8805513381958008,1703ad9a,Right Hand,-0.21,0.11,0.5,0.68,1.33,0.14
1.8813233375549316,1703ad9a,Right Hand,-0.21,0.11,0.5,0.68,1.33,0.14
1.8817198276519775,1703ad9a,Right Hand,-0.21,0.11,0.5,0.68,1.33,0.14
1.882129192352295,1703ad9a,Right Hand,-0.21,0.11,0.5,0.68,1.33,0.14
1.8825161457061768,1703ad9a,Right Hand,-0.21,0.11,0.5,0.68,1.33,0.14
1.8829047679901123,1703ad9a,Right Hand,-0.21,0.11,0.5,0.68,1.33,0.14
1.8833889961242676,1703ad9a,Right Hand,-0.21,0.11,0.5,0.68,1.33,0.14
1.8839025497436523,1703ad9a,Right Hand,-0.21,0.11,0.5,0.68,1.33,0.14
1.8844118118286133,1703ad9a,Right Hand,-0.22,0.14,0.44,0.56,0.99,-0.0
1.9397125244140625,1703ad9a,Right Hand,-0.22,0.14,0.44,0.56,0.99,-0.0
1.9398193359375,1703ad9a,Right Hand,-0.22,0.14,0.44,0.56,0.99,-0.0
1.9398417472839355,1703ad9a,Right Hand,-0.22,0.14,0.44,0.56,0.99,-0.0
1.9398784637451172,1703ad9a,Right Hand,-0.22,0.14,0.44,0.56,0.99,-0.0
1.9398972988128662,1703ad9a,Right Hand,-0.22,0.14,0.44,0.56,0.99,-0.0
1.9399163722991943,1703ad9a,Right Hand,-0.22,0.14,0.44,0.56,0.99,-0.0
1.9399347305297852,1703ad9a,Right Hand,-0.2,0.12,0.48,0.27,0.64,0.08
1.9399521350860596,1703ad9a,Right Hand,-0.2,0.12,0.48,0.27,0.64,0.08
1.9399700164794922,1703ad9a,Right Hand,-0.2,0.12,0.48,0.27,0.64,0.08
1.9400277137756348,1703ad9a,Right Hand,-0.2,0.12,0.48,0.27,0.64,0.08
1.9400498867034912,1703ad9a,Right Hand,-0.2,0.12,0.48,0.27,0.64,0.08
1.9404895305633545,1703ad9a,Right Hand,-0.2,0.12,0.48,0.27,0.64,0.08
1.9411952495574951,1703ad9a,Right Hand,-0.2,0.12,0.48,0.27,0.64,0.08
1.9417190551757812,1703ad9a,Right Hand,-0.21,0.23,0.52,0.79,0.56,0.15
1.9421725273132324,1703ad9a,Right Hand,-0.21,0.23,0.52,0.79,0.56,0.15
1.9427685737609863,1703ad9a,Right Hand,-0.21,0.23,0.52,0.79,0.56,0.15
1.943342924118042,1703ad9a,Right Hand,-0.21,0.23,0.52,0.79,0.56,0.15
1.9438869953155518,1703ad9a,Right Hand,-0.21,0.23,0.52,0.79,0.56,0.15
1.9443418979644775,1703ad9a,Right Hand,-0.21,0.23,0.52,0.79,0.56,0.15
1.944774866104126,1703ad9a,Right Hand,-0.21,0.23,0.52,0.79,0.56,0.15
2.00067138671875,1703ad9a,Right Hand,-0.25,0.41,0.57,0.67,0.41,-0.2
2.0008249282836914,1703ad9a,Right Hand,-0.25,0.41,0.57,0.67,0.41,-0.2
2.000901937484741,1703ad9a,Right Hand,-0.25,0.41,0.57,0.67,0.41,-0.2
2.0009472370147705,1703ad9a,Right Hand,-0.25,0.41,0.57,0.67,0.41,-0.2
2.0009853839874268,1703ad9a,Right Hand,-0.25,0.41,0.57,0.67,0.41,-0.2
2.001023769378662,1703ad9a,Right Hand,-0.25,0.41,0.57,0.67,0.41,-0.2
2.0010602474212646,1703ad9a,Right Hand,-0.25,0.41,0.57,0.67,0.41,-0.2
2.0011157989501953,1703ad9a,Right Hand,-0.27,0.39,0.61,0.64,0.38,-0.58
2.0011518001556396,1703ad9a,Right Hand,-0.27,0.39,0.61,0.64,0.38,-0.58
2.0029995441436768,1703ad9a,Right Hand,-0.27,0.39,0.61,0.64,0.38,-0.58
2.0033605098724365,1703ad9a,Right Hand,-0.27,0.39,0.61,0.64,0.38,-0.58
2.003455877304077,1703ad9a,Right Hand,-0.27,0.39,0.61,0.64,0.38,-0.58
2.0042877197265625,1703ad9a,Right Hand,-0.27,0.39,0.61,0.64,0.38,-0.58
2.004946708679199,1703ad9a,Right Hand,-0.27,0.39,0.61,0.64,0.38,-0.58
2.0051355361938477,1703ad9a,Right Hand,-0.3,0.5,0.68,0.29,0.27,-0.76
2.0057666301727295,1703ad9a,Right Hand,-0.3,0.5,0.68,0.29,0.27,-0.76
2.0064823627471924,1703ad9a,Right Hand,-0.3,0.5,0.68,0.29,0.27,-0.76
2.0068817138671875,1703ad9a,Right Hand,-0.3,0.5,0.68,0.29,0.27,-0.76
2.0072669982910156,1703ad9a,Right Hand,-0.3,0.5,0.68,0.29,0.27,-0.76
2.00766921043396,1703ad9a,Right Hand,-0.3,0.5,0.68,0.29,0.27,-0.76
2.008470058441162,1703ad9a,Right Hand,-0.3,0.5,0.68,0.29,0.27,-0.76
2.0092110633850098,1703ad9a,Right Hand,-0.36,0.47,0.65,-0.44,0.11,-0.91
2.0096497535705566,1703ad9a,Right Hand,-0.36,0.47,0.65,-0.44,0.11,-0.91
2.0100650787353516,1703ad9a,Right Hand,-0.36,0.47,0.65,-0.44,0.11,-0.91
2.010443925857544,1703ad9a,Right Hand,-0.36,0.47,0.65,-0.44,0.11,-0.91
2.010821580886841,1703ad9a,Right Hand,-0.36,0.47,0.65,-0.44,0.11,-0.91
2.011221408843994,1703ad9a,Right Hand,-0.36,0.47,0.65,-0.44,0.11,-0.91
2.0117011070251465,1703ad9a,Right Hand,-0.36,0.47,0.65,-0.44,0.11,-0.91
2.012622356414795,1703ad9a,Right Hand,-0.36,0.47,0.65,-0.44,0.11,-0.91
2.065981149673462,1703ad9a,Right Hand,-0.31,0.3,0.73,-0.51,0.05,-1.08
2.066084623336792,1703ad9a,Right Hand,-0.31,0.3,0.73,-0.51,0.05,-1.08
2.0661063194274902,1703ad9a,Right Hand,-0.31,0.3,0.73,-0.51,0.05,-1.08
2.0661258697509766,1703ad9a,Right Hand,-0.31,0.3,0.73,-0.51,0.05,-1.08
2.066164016723633,1703ad9a,Right Hand,-0.31,0.3,0.73,-0.51,0.05,-1.08
2.0661821365356445,1703ad9a,Right Hand,-0.31,0.3,0.73,-0.51,0.05,-1.08
2.066199779510498,1703ad9a,Right Hand,-0.31,0.3,0.73,-0.51,0.05,-1.08
2.0662176609039307,1703ad9a,Right Hand,-0.39,0.17,0.69,-0.29,0.18,-1.29
2.0662355422973633,1703ad9a,Right Hand,-0.39,0.17,0.69,-0.29,0.18,-1.29
2.067815065383911,1703ad9a,Right Hand,-0.39,0.17,0.69,-0.29,0.18,-1.29
2.0679399967193604,1703ad9a,Right Hand,-0.39,0.17,0.69,-0.29,0.18,-1.29
2.06840181350708,1703ad9a,Right Hand,-0.39,0.17,0.69,-0.29,0.18,-1.29
2.0688676834106445,1703ad9a,Right Hand,-0.39,0.17,0.69,-0.29,0.18,-1.29
2.0693321228027344,1703ad9a,Right Hand,-0.45,0.14,0.71,0.01,0.13,-1.44
2.070014238357544,1703ad9a,Right Hand,-0.45,0.14,0.71,0.01,0.13,-1.44
2.07055926322937,1703ad9a,Right Hand,-0.45,0.14,0.71,0.01,0.13,-1.44
2.0713160037994385,1703ad9a,Right Hand,-0.45,0.14,0.71,0.01,0.13,-1.44
2.0719237327575684,1703ad9a,Right Hand,-0.45,0.14,0.71,0.01,0.13,-1.44
2.072082757949829,1703ad9a,Right Hand,-0.45,0.14,0.71,0.01,0.13,-1.44
2.1300806999206543,1703ad9a,Right Hand,-0.45,0.14,0.71,0.01,0.13,-1.44
2.1301910877227783,1703ad9a,Right Hand,-0.45,0.14,0.71,0.01,0.13,-1.44
2.130229949951172,1703ad9a,Right Hand,-0.43,0.06,0.75,-0.51,0.01,-1.44
2.1302497386932373,1703ad9a,Right Hand,-0.43,0.06,0.75,-0.51,0.01,-1.44
2.13026762008667,1703ad9a,Right Hand,-0.43,0.06,0.75,-0.51,0.01,-1.44
2.1302852630615234,1703ad9a,Right Hand,-0.43,0.06,0.75,-0.51,0.01,-1.44
2.1303024291992188,1703ad9a,Right Hand,-0.43,0.06,0.75,-0.51,0.01,-1.44
2.130336284637451,1703ad9a,Right Hand,-0.43,0.06,0.75,-0.51,0.01,-1.44
2.1303532123565674,1703ad9a,Right Hand,-0.43,0.06,0.75,-0.51,0.01,-1.44
2.13037109375,1703ad9a,Right Hand,-0.42,-0.17,0.79,-0.71,-0.03,-1.37
2.132081985473633,1703ad9a,Right Hand,-0.42,-0.17,0.79,-0.71,-0.03,-1.37
2.1321916580200195,1703ad9a,Right Hand,-0.42,-0.17,0.79,-0.71,-0.03,-1.37
2.132624387741089,1703ad9a,Right Hand,-0.42,-0.17,0.79,-0.71,-0.03,-1.37
2.1330103874206543,1703ad9a,Right Hand,-0.42,-0.17,0.79,-0.71,-0.03,-1.37
2.133744955062866,1703ad9a,Right Hand,-0.42,-0.17,0.79,-0.71,-0.03,-1.37
2.1342852115631104,1703ad9a,Right Hand,-0.42,-0.17,0.79,-0.71,-0.03,-1.37
2.1350317001342773,1703ad9a,Right Hand,-0.42,-0.35,0.75,-0.49,0.09,-1.23
2.190368413925171,1703ad9a,Right Hand,-0.42,-0.35,0.75,-0.49,0.09,-1.23
2.190565586090088,1703ad9a,Right Hand,-0.42,-0.35,0.75,-0.49,0.09,-1.23
2.190592050552368,1703ad9a,Right Hand,-0.42,-0.35,0.75,-0.49,0.09,-1.23
2.1906113624572754,1703ad9a,Right Hand,-0.42,-0.35,0.75,-0.49,0.09,-1.23
2.1906304359436035,1703ad9a,Right Hand,-0.42,-0.35,0.75,-0.49,0.09,-1.23
2.190666437149048,1703ad9a,Right Hand,-0.42,-0.35,0.75,-0.49,0.09,-1.23
2.1906845569610596,1703ad9a,Right Hand,-0.47,-0.43,0.71,-0.25,0.07,-1.0
2.1907031536102295,1703ad9a,Right Hand,-0.47,-0.43,0.71,-0.25,0.07,-1.0
2.190721273422241,1703ad9a,Right Hand,-0.47,-0.43,0.71,-0.25,0.07,-1.0
2.190739631652832,1703ad9a,Right Hand,-0.47,-0.43,0.71,-0.25,0.07,-1.0
2.192296028137207,1703ad9a,Right Hand,-0.47,-0.43,0.71,-0.25,0.07,-1.0
2.1923952102661133,1703ad9a,Right Hand,-0.47,-0.43,0.71,-0.25,0.07,-1.0
2.192822217941284,1703ad9a,Right Hand,-0.47,-0.43,0.71,-0.25,0.07,-1.0
2.193250894546509,1703ad9a,Right Hand,-0.48,-0.44,0.73,-0.14,-0.04,-0.78
2.1938116550445557,1703ad9a,Right Hand,-0.48,-0.44,0.73,-0.14,-0.04,-0.78
2.194316864013672,1703ad9a,Right Hand,-0.48,-0.44,0.73,-0.14,-0.04,-0.78
2.19484543800354,1703ad9a,Right Hand,-0.48,-0.44,0.73,-0.14,-0.04,-0.78
2.1954634189605713,1703ad9a,Right Hand,-0.48,-0.44,0.73,-0.14,-0.04,-0.78
2.1958508491516113,1703ad9a,Right Hand,-0.48,-0.44,0.73,-0.14,-0.04,-0.78
2.196263313293457,1703ad9a,Right Hand,-0.48,-0.44,0.73,-0.14,-0.04,-0.78
2.1967647075653076,1703ad9a,Right Hand,-0.48,-0.4,0.76,-0.17,-0.08,-0.65
2.1972620487213135,1703ad9a,Right Hand,-0.48,-0.4,0.76,-0.17,-0.08,-0.65
2.1977643966674805,1703ad9a,Right Hand,-0.48,-0.4,0.76,-0.17,-0.08,-0.65
2.1984164714813232,1703ad9a,Right Hand,-0.48,-0.4,0.76,-0.17,-0.08,-0.65
2.198808431625366,1703ad9a,Right Hand,-0.48,-0.4,0.76,-0.17,-0.08,-0.65
2.1992013454437256,1703ad9a,Right Hand,-0.48,-0.4,0.76,-0.17,-0.08,-0.65
2.1996965408325195,1703ad9a,Right Hand,-0.48,-0.4,0.76,-0.17,-0.08,-0.65
2.2001752853393555,1703ad9a,Right Hand,-0.46,-0.44,0.82,-0.18,-0.06,-0.42
2.2006852626800537,1703ad9a,Right Hand,-0.46,-0.44,0.82,-0.18,-0.06,-0.42
2.2011842727661133,1703ad9a,Right Hand,-0.46,-0.44,0.82,-0.18,-0.06,-0.42
2.2022337913513184,1703ad9a,Right Hand,-0.46,-0.44,0.82,-0.18,-0.06,-0.42
2.2594034671783447,1703ad9a,Right Hand,-0.46,-0.44,0.82,-0.18,-0.06,-0.42
2.2595083713531494,1703ad9a,Right Hand,-0.46,-0.44,0.82,-0.18,-0.06,-0.42
2.2595303058624268,1703ad9a,Right Hand,-0.46,-0.44,0.82,-0.18,-0.06,-0.42
2.259566307067871,1703ad9a,Right Hand,-0.5,-0.41,0.78,-0.07,0.03,-0.26
2.259584426879883,1703ad9a,Right Hand,-0.5,-0.41,0.78,-0.07,0.03,-0.26
2.2596030235290527,1703ad9a,Right Hand,-0.5,-0.41,0.78,-0.07,0.03,-0.26
2.2596211433410645,1703ad9a,Right Hand,-0.5,-0.41,0.78,-0.07,0.03,-0.26
2.259638547897339,1703ad9a,Right Hand,-0.5,-0.41,0.78,-0.07,0.03,-0.26
2.259655714035034,1703ad9a,Right Hand,-0.5,-0.41,0.78,-0.07,0.03,-0.26
2.261207103729248,1703ad9a,Right Hand,-0.5,-0.41,0.78,-0.07,0.03,-0.26
2.261713981628418,1703ad9a,Right Hand,-0.55,-0.34,0.73,0.07,-0.04,-0.13
2.2621243000030518,1703ad9a,Right Hand,-0.55,-0.34,0.73,0.07,-0.04,-0.13
2.262603998184204,1703ad9a,Right Hand,-0.55,-0.34,0.73,0.07,-0.04,-0.13
2.314835548400879,1703ad9a,Right Hand,-0.55,-0.34,0.73,0.07,-0.04,-0.13
2.314962148666382,1703ad9a,Right Hand,-0.55,-0.34,0.73,0.07,-0.04,-0.13
2.31498384475708,1703ad9a,Right Hand,-0.55,-0.34,0.73,0.07,-0.04,-0.13
2.3150031566619873,1703ad9a,Right Hand,-0.55,-0.34,0.73,0.07,-0.04,-0.13
2.3150222301483154,1703ad9a,Right Hand,-0.55,-0.29,0.75,0.17,-0.11,-0.1
2.3150410652160645,1703ad9a,Right Hand,-0.55,-0.29,0.75,0.17,-0.11,-0.1
2.315059185028076,1703ad9a,Right Hand,-0.55,-0.29,0.75,0.17,-0.11,-0.1
2.3150973320007324,1703ad9a,Right Hand,-0.55,-0.29,0.75,0.17,-0.11,-0.1
2.315115451812744,1703ad9a,Right Hand,-0.55,-0.29,0.75,0.17,-0.11,-0.1
2.3151328563690186,1703ad9a,Right Hand,-0.55,-0.29,0.75,0.17,-0.11,-0.1
2.315176010131836,1703ad9a,Right Hand,-0.55,-0.29,0.75,0.17,-0.11,-0.1
2.315650224685669,1703ad9a,Right Hand,-0.52,-0.19,0.81,0.22,-0.12,-0.11
2.3161416053771973,1703ad9a,Right Hand,-0.52,-0.19,0.81,0.22,-0.12,-0.11
2.316671371459961,1703ad9a,Right Hand,-0.52,-0.19,0.81,0.22,-0.12,-0.11
2.3176515102386475,1703ad9a,Right Hand,-0.52,-0.19,0.81,0.22,-0.12,-0.11
2.3186185359954834,1703ad9a,Right Hand,-0.52,-0.19,0.81,0.22,-0.12,-0.11
2.3191945552825928,1703ad9a,Right Hand,-0.52,-0.19,0.81,0.22,-0.12,-0.11
2.319394111633301,1703ad9a,Right Hand,-0.52,-0.19,0.81,0.22,-0.12,-0.11
2.319847345352173,1703ad9a,Right Hand,-0.52,-0.21,0.81,0.13,-0.12,-0.06
2.3204667568206787,1703ad9a,Right Hand,-0.52,-0.21,0.81,0.13,-0.12,-0.06
2.3211212158203125,1703ad9a,Right Hand,-0.52,-0.21,0.81,0.13,-0.12,-0.06
2.375899314880371,1703ad9a,Right Hand,-0.52,-0.21,0.81,0.13,-0.12,-0.06
2.3760037422180176,1703ad9a,Right Hand,-0.52,-0.21,0.81,0.13,-0.12,-0.06
2.3760251998901367,1703ad9a,Right Hand,-0.52,-0.21,0.81,0.13,-0.12,-0.06
2.3760604858398438,1703ad9a,Right Hand,-0.52,-0.21,0.81,0.13,-0.12,-0.06
2.3760790824890137,1703ad9a,Right Hand,-0.52,-0.14,0.79,0.2,-0.08,-0.11
2.3760972023010254,1703ad9a,Right Hand,-0.52,-0.14,0.79,0.2,-0.08,-0.11
2.376115560531616,1703ad9a,Right Hand,-0.52,-0.14,0.79,0.2,-0.08,-0.11
2.3761324882507324,1703ad9a,Right Hand,-0.52,-0.14,0.79,0.2,-0.08,-0.11
2.376150608062744,1703ad9a,Right Hand,-0.52,-0.14,0.79,0.2,-0.08,-0.11
2.376193046569824,1703ad9a,Right Hand,-0.52,-0.14,0.79,0.2,-0.08,-0.11
2.376582145690918,1703ad9a,Right Hand,-0.52,-0.14,0.79,0.2,-0.08,-0.11
2.376988410949707,1703ad9a,Right Hand,-0.51,-0.13,0.81,0.12,-0.11,-0.05
2.377394199371338,1703ad9a,Right Hand,-0.51,-0.13,0.81,0.12,-0.11,-0.05
2.377845525741577,1703ad9a,Right Hand,-0.51,-0.13,0.81,0.12,-0.11,-0.05
2.3785648345947266,1703ad9a,Right Hand,-0.51,-0.13,0.81,0.12,-0.11,-0.05
2.3790500164031982,1703ad9a,Right Hand,-0.51,-0.13,0.81,0.12,-0.11,-0.05
2.3795888423919678,1703ad9a,Right Hand,-0.51,-0.13,0.81,0.12,-0.11,-0.05
2.3810739517211914,1703ad9a,Right Hand,-0.51,-0.13,0.81,0.12,-0.11,-0.05
2.384063959121704,1703ad9a,Right Hand,-0.5,-0.13,0.82,-0.11,-0.12,0.02
2.386819839477539,1703ad9a,Right Hand,-0.5,-0.13,0.82,-0.11,-0.12,0.02
2.389660358428955,1703ad9a,Right Hand,-0.5,-0.13,0.82,-0.11,-0.12,0.02
2.3948071002960205,1703ad9a,Right Hand,-0.5,-0.13,0.82,-0.11,-0.12,0.02
2.4582149982452393,1703ad9a,Right Hand,-0.5,-0.13,0.82,-0.11,-0.12,0.02
2.4583330154418945,1703ad9a,Right Hand,-0.5,-0.13,0.82,-0.11,-0.12,0.02
2.4583780765533447,1703ad9a,Right Hand,-0.5,-0.13,0.82,-0.11,-0.12,0.02
2.4583990573883057,1703ad9a,Right Hand,-0.47,-0.14,0.84,-0.2,-0.11,0.05
2.4584178924560547,1703ad9a,Right Hand,-0.47,-0.14,0.84,-0.2,-0.11,0.05
2.4584689140319824,1703ad9a,Right Hand,-0.47,-0.14,0.84,-0.2,-0.11,0.05
2.4585037231445312,1703ad9a,Right Hand,-0.47,-0.14,0.84,-0.2,-0.11,0.05
2.458536148071289,1703ad9a,Right Hand,-0.47,-0.14,0.84,-0.2,-0.11,0.05
2.458568811416626,1703ad9a,Right Hand,-0.47,-0.14,0.84,-0.2,-0.11,0.05
2.4586007595062256,1703ad9a,Right Hand,-0.47,-0.14,0.84,-0.2,-0.11,0.05
2.4586751461029053,1703ad9a,Right Hand,-0.47,-0.14,0.84,-0.2,-0.11,0.05
2.4587135314941406,1703ad9a,Right Hand,-0.46,-0.15,0.82,-0.3,-0.06,0.09
2.458745241165161,1703ad9a,Right Hand,-0.46,-0.15,0.82,-0.3,-0.06,0.09
2.513951539993286,1703ad9a,Right Hand,-0.46,-0.15,0.82,-0.3,-0.06,0.09
2.5142717361450195,1703ad9a,Right Hand,-0.46,-0.15,0.82,-0.3,-0.06,0.09
2.514331579208374,1703ad9a,Right Hand,-0.46,-0.15,0.82,-0.3,-0.06,0.09
2.514357089996338,1703ad9a,Right Hand,-0.46,-0.15,0.82,-0.3,-0.06,0.09
2.5143892765045166,1703ad9a,Right Hand,-0.46,-0.15,0.82,-0.3,-0.06,0.09
2.5144076347351074,1703ad9a,Right Hand,-0.43,-0.22,0.85,-0.24,-0.01,0.12
2.5144267082214355,1703ad9a,Right Hand,-0.43,-0.22,0.85,-0.24,-0.01,0.12
2.5144448280334473,1703ad9a,Right Hand,-0.43,-0.22,0.85,-0.24,-0.01,0.12
2.514463186264038,1703ad9a,Right Hand,-0.43,-0.22,0.85,-0.24,-0.01,0.12
2.5145227909088135,1703ad9a,Right Hand,-0.43,-0.22,0.85,-0.24,-0.01,0.12
2.5687384605407715,1703ad9a,Right Hand,-0.43,-0.22,0.85,-0.24,-0.01,0.12
2.5690035820007324,1703ad9a,Right Hand,-0.49,-0.07,0.78,0.02,0.12,0.12
2.569035768508911,1703ad9a,Right Hand,-0.49,-0.07,0.78,0.02,0.12,0.12
2.569056987762451,1703ad9a,Right Hand,-0.49,-0.07,0.78,0.02,0.12,0.12
2.5690932273864746,1703ad9a,Right Hand,-0.49,-0.07,0.78,0.02,0.12,0.12
2.5691118240356445,1703ad9a,Right Hand,-0.49,-0.07,0.78,0.02,0.12,0.12
2.5691299438476562,1703ad9a,Right Hand,-0.49,-0.07,0.78,0.02,0.12,0.12
2.569148302078247,1703ad9a,Right Hand,-0.49,-0.07,0.78,0.02,0.12,0.12
2.569166421890259,1703ad9a,Right Hand,-0.49,-0.07,0.78,0.02,0.12,0.12
2.5691843032836914,1703ad9a,Right Hand,-0.54,-0.07,0.8,-0.02,0.06,-0.0
2.569230318069458,1703ad9a,Right Hand,-0.54,-0.07,0.8,-0.02,0.06,-0.0
2.5692481994628906,1703ad9a,Right Hand,-0.54,-0.07,0.8,-0.02,0.06,-0.0
2.5693271160125732,1703ad9a,Right Hand,-0.54,-0.07,0.8,-0.02,0.06,-0.0
2.570058584213257,1703ad9a,Right Hand,-0.54,-0.07,0.8,-0.02,0.06,-0.0
2.5704917907714844,1703ad9a,Right Hand,-0.54,-0.07,0.8,-0.02,0.06,-0.0
2.5710036754608154,1703ad9a,Right Hand,-0.54,-0.07,0.8,-0.02,0.06,-0.0
2.5717060565948486,1703ad9a,Right Hand,-0.52,-0.05,0.82,-0.01,-0.06,-0.05
2.5731406211853027,1703ad9a,Right Hand,-0.52,-0.05,0.82,-0.01,-0.06,-0.05
2.630817413330078,1703ad9a,Right Hand,-0.52,-0.05,0.82,-0.01,-0.06,-0.05
2.6309378147125244,1703ad9a,Right Hand,-0.52,-0.05,0.82,-0.01,-0.06,-0.05
2.6309781074523926,1703ad9a,Right Hand,-0.52,-0.05,0.82,-0.01,-0.06,-0.05
2.631030321121216,1703ad9a,Right Hand,-0.52,-0.05,0.82,-0.01,-0.06,-0.05
2.6310641765594482,1703ad9a,Right Hand,-0.52,-0.05,0.82,-0.01,-0.06,-0.05
2.6310977935791016,1703ad9a,Right Hand,-0.48,-0.12,0.82,-0.19,-0.08,-0.01
2.631129741668701,1703ad9a,Right Hand,-0.48,-0.12,0.82,-0.19,-0.08,-0.01
2.6311628818511963,1703ad9a,Right Hand,-0.48,-0.12,0.82,-0.19,-0.08,-0.01
2.6311962604522705,1703ad9a,Right Hand,-0.48,-0.12,0.82,-0.19,-0.08,-0.01
2.6312448978424072,1703ad9a,Right Hand,-0.48,-0.12,0.82,-0.19,-0.08,-0.01
2.6313061714172363,1703ad9a,Right Hand,-0.48,-0.12,0.82,-0.19,-0.08,-0.01
2.632896661758423,1703ad9a,Right Hand,-0.48,-0.12,0.82,-0.19,-0.08,-0.01
2.633105516433716,1703ad9a,Right Hand,-0.47,-0.11,0.84,-0.12,-0.07,-0.03
2.6337931156158447,1703ad9a,Right Hand,-0.47,-0.11,0.84,-0.12,-0.07,-0.03
2.6338999271392822,1703ad9a,Right Hand,-0.47,-0.11,0.84,-0.12,-0.07,-0.03
2.6348938941955566,1703ad9a,Right Hand,-0.47,-0.11,0.84,-0.12,-0.07,-0.03
2.692518949508667,1703ad9a,Right Hand,-0.47,-0.11,0.84,-0.12,-0.07,-0.03
2.692624807357788,1703ad9a,Right Hand,-0.47,-0.11,0.84,-0.12,-0.07,-0.03
2.6926465034484863,1703ad9a,Right Hand,-0.47,-0.11,0.84,-0.12,-0.07,-0.03
2.692673444747925,1703ad9a,Right Hand,-0.45,-0.14,0.86,-0.11,0.0,-0.05
2.6926934719085693,1703ad9a,Right Hand,-0.45,-0.14,0.86,-0.11,0.0,-0.05
2.6927127838134766,1703ad9a,Right Hand,-0.45,-0.14,0.86,-0.11,0.0,-0.05
2.69273042678833,1703ad9a,Right Hand,-0.45,-0.14,0.86,-0.11,0.0,-0.05
2.6927480697631836,1703ad9a,Right Hand,-0.45,-0.14,0.86,-0.11,0.0,-0.05
2.6927664279937744,1703ad9a,Right Hand,-0.45,-0.14,0.86,-0.11,0.0,-0.05
2.6928114891052246,1703ad9a,Right Hand,-0.45,-0.14,0.86,-0.11,0.0,-0.05
2.6950457096099854,1703ad9a,Right Hand,-0.47,-0.15,0.83,-0.19,0.07,0.06
2.6951489448547363,1703ad9a,Right Hand,-0.47,-0.15,0.83,-0.19,0.07,0.06
2.6951706409454346,1703ad9a,Right Hand,-0.47,-0.15,0.83,-0.19,0.07,0.06
2.6957921981811523,1703ad9a,Right Hand,-0.47,-0.15,0.83,-0.19,0.07,0.06
2.7531039714813232,1703ad9a,Right Hand,-0.47,-0.15,0.83,-0.19,0.07,0.06
2.753364324569702,1703ad9a,Right Hand,-0.47,-0.15,0.83,-0.19,0.07,0.06
2.7533955574035645,1703ad9a,Right Hand,-0.47,-0.15,0.83,-0.19,0.07,0.06
2.753415584564209,1703ad9a,Right Hand,-0.49,-0.15,0.79,-0.18,0.05,0.08
2.7534549236297607,1703ad9a,Right Hand,-0.49,-0.15,0.79,-0.18,0.05,0.08
2.753474235534668,1703ad9a,Right Hand,-0.49,-0.15,0.79,-0.18,0.05,0.08
2.753493309020996,1703ad9a,Right Hand,-0.49,-0.15,0.79,-0.18,0.05,0.08
2.7535126209259033,1703ad9a,Right Hand,-0.49,-0.15,0.79,-0.18,0.05,0.08
2.753530263900757,1703ad9a,Right Hand,-0.49,-0.15,0.79,-0.18,0.05,0.08
2.7535691261291504,1703ad9a,Right Hand,-0.49,-0.15,0.79,-0.18,0.05,0.08
2.7536067962646484,1703ad9a,Right Hand,-0.51,-0.13,0.77,-0.16,-0.03,0.05
2.753629446029663,1703ad9a,Right Hand,-0.51,-0.13,0.77,-0.16,-0.03,0.05
2.7536473274230957,1703ad9a,Right Hand,-0.51,-0.13,0.77,-0.16,-0.03,0.05
2.7543840408325195,1703ad9a,Right Hand,-0.51,-0.13,0.77,-0.16,-0.03,0.05
2.7545218467712402,1703ad9a,Right Hand,-0.51,-0.13,0.77,-0.16,-0.03,0.05
2.754925012588501,1703ad9a,Right Hand,-0.51,-0.13,0.77,-0.16,-0.03,0.05
2.755312204360962,1703ad9a,Right Hand,-0.51,-0.13,0.77,-0.16,-0.03,0.05
2.755694627761841,1703ad9a,Right Hand,-0.49,-0.18,0.78,-0.13,-0.09,0.04
2.7561140060424805,1703ad9a,Right Hand,-0.49,-0.18,0.78,-0.13,-0.09,0.04
2.7566070556640625,1703ad9a,Right Hand,-0.49,-0.18,0.78,-0.13,-0.09,0.04
2.7570910453796387,1703ad9a,Right Hand,-0.49,-0.18,0.78,-0.13,-0.09,0.04
2.757591724395752,1703ad9a,Right Hand,-0.49,-0.18,0.78,-0.13,-0.09,0.04
2.758594274520874,1703ad9a,Right Hand,-0.49,-0.18,0.78,-0.13,-0.09,0.04
2.759347677230835,1703ad9a,Right Hand,-0.49,-0.18,0.78,-0.13,-0.09,0.04
2.760082960128784,1703ad9a,Right Hand,-0.49,-0.12,0.8,0.03,-0.06,0.03
2.822571277618408,1703ad9a,Right Hand,-0.49,-0.12,0.8,0.03,-0.06,0.03
2.8226778507232666,1703ad9a,Right Hand,-0.49,-0.12,0.8,0.03,-0.06,0.03
2.822700023651123,1703ad9a,Right Hand,-0.49,-0.12,0.8,0.03,-0.06,0.03
2.822723150253296,1703ad9a,Right Hand,-0.49,-0.12,0.8,0.03,-0.06,0.03
2.8227553367614746,1703ad9a,Right Hand,-0.49,-0.12,0.8,0.03,-0.06,0.03
2.822774887084961,1703ad9a,Right Hand,-0.49,-0.12,0.8,0.03,-0.06,0.03
2.822793483734131,1703ad9a,Right Hand,-0.49,-0.1,0.8,0.07,-0.07,0.0
2.8228118419647217,1703ad9a,Right Hand,-0.49,-0.1,0.8,0.07,-0.07,0.0
2.8228306770324707,1703ad9a,Right Hand,-0.49,-0.1,0.8,0.07,-0.07,0.0
2.8228609561920166,1703ad9a,Right Hand,-0.49,-0.1,0.8,0.07,-0.07,0.0
2.8229117393493652,1703ad9a,Right Hand,-0.49,-0.1,0.8,0.07,-0.07,0.0
2.8229923248291016,1703ad9a,Right Hand,-0.49,-0.1,0.8,0.07,-0.07,0.0
2.8230373859405518,1703ad9a,Right Hand,-0.49,-0.1,0.8,0.07,-0.07,0.0
2.878023386001587,1703ad9a,Right Hand,-0.49,-0.1,0.81,-0.02,-0.08,0.03
2.8781216144561768,1703ad9a,Right Hand,-0.49,-0.1,0.81,-0.02,-0.08,0.03
2.878143310546875,1703ad9a,Right Hand,-0.49,-0.1,0.81,-0.02,-0.08,0.03
2.8781628608703613,1703ad9a,Right Hand,-0.49,-0.1,0.81,-0.02,-0.08,0.03
2.8782052993774414,1703ad9a,Right Hand,-0.49,-0.1,0.81,-0.02,-0.08,0.03
2.8782248497009277,1703ad9a,Right Hand,-0.49,-0.1,0.81,-0.02,-0.08,0.03
2.878242015838623,1703ad9a,Right Hand,-0.49,-0.1,0.81,-0.02,-0.08,0.03
2.8782598972320557,1703ad9a,Right Hand,-0.49,-0.05,0.82,-0.18,-0.06,0.04
2.87827730178833,1703ad9a,Right Hand,-0.49,-0.05,0.82,-0.18,-0.06,0.04
2.8783254623413086,1703ad9a,Right Hand,-0.49,-0.05,0.82,-0.18,-0.06,0.04
2.880236864089966,1703ad9a,Right Hand,-0.49,-0.05,0.82,-0.18,-0.06,0.04
2.8803234100341797,1703ad9a,Right Hand,-0.49,-0.05,0.82,-0.18,-0.06,0.04
2.8807952404022217,1703ad9a,Right Hand,-0.49,-0.05,0.82,-0.18,-0.06,0.04
2.8813321590423584,1703ad9a,Right Hand,-0.49,-0.05,0.82,-0.18,-0.06,0.04
2.881744623184204,1703ad9a,Right Hand,-0.5,-0.12,0.81,-0.04,-0.05,-0.07
2.882192611694336,1703ad9a,Right Hand,-0.5,-0.12,0.81,-0.04,-0.05,-0.07
2.882690668106079,1703ad9a,Right Hand,-0.5,-0.12,0.81,-0.04,-0.05,-0.07
2.883240222930908,1703ad9a,Right Hand,-0.5,-0.12,0.81,-0.04,-0.05,-0.07
2.8843495845794678,1703ad9a,Right Hand,-0.5,-0.12,0.81,-0.04,-0.05,-0.07
2.9396464824676514,1703ad9a,Right Hand,-0.5,-0.12,0.81,-0.04,-0.05,-0.07
2.939784288406372,1703ad9a,Right Hand,-0.5,-0.12,0.81,-0.04,-0.05,-0.07
2.939849376678467,1703ad9a,Right Hand,-0.49,-0.09,0.83,0.05,-0.06,-0.09
2.9398722648620605,1703ad9a,Right Hand,-0.49,-0.09,0.83,0.05,-0.06,-0.09
2.9398908615112305,1703ad9a,Right Hand,-0.49,-0.09,0.83,0.05,-0.06,-0.09
2.9399101734161377,1703ad9a,Right Hand,-0.49,-0.09,0.83,0.05,-0.06,-0.09
2.9399290084838867,1703ad9a,Right Hand,-0.49,-0.09,0.83,0.05,-0.06,-0.09
2.9399473667144775,1703ad9a,Right Hand,-0.49,-0.09,0.83,0.05,-0.06,-0.09
2.940012216567993,1703ad9a,Right Hand,-0.49,-0.09,0.83,0.05,-0.06,-0.09
2.9415640830993652,1703ad9a,Right Hand,-0.48,-0.06,0.85,-0.13,-0.09,-0.06
2.9417755603790283,1703ad9a,Right Hand,-0.48,-0.06,0.85,-0.13,-0.09,-0.06
2.9422783851623535,1703ad9a,Right Hand,-0.48,-0.06,0.85,-0.13,-0.09,-0.06
2.942718744277954,1703ad9a,Right Hand,-0.48,-0.06,0.85,-0.13,-0.09,-0.06
2.9434027671813965,1703ad9a,Right Hand,-0.48,-0.06,0.85,-0.13,-0.09,-0.06
2.9447200298309326,1703ad9a,Right Hand,-0.48,-0.06,0.85,-0.13,-0.09,-0.06
2.945380687713623,1703ad9a,Right Hand,-0.48,-0.06,0.85,-0.13,-0.09,-0.06
2.9460067749023438,1703ad9a,Right Hand,-0.47,-0.07,0.86,-0.23,-0.05,-0.03
3.004711866378784,1703ad9a,Right Hand,-0.47,-0.07,0.86,-0.23,-0.05,-0.03
3.0048208236694336,1703ad9a,Right Hand,-0.47,-0.07,0.86,-0.23,-0.05,-0.03
3.004842758178711,1703ad9a,Right Hand,-0.47,-0.07,0.86,-0.23,-0.05,-0.03
3.0048623085021973,1703ad9a,Right Hand,-0.47,-0.07,0.86,-0.23,-0.05,-0.03
3.0048975944519043,1703ad9a,Right Hand,-0.47,-0.07,0.86,-0.23,-0.05,-0.03
3.004915714263916,1703ad9a,Right Hand,-0.47,-0.07,0.86,-0.23,-0.05,-0.03
3.0049335956573486,1703ad9a,Right Hand,-0.48,-0.12,0.82,-0.26,0.02,-0.1
3.0049524307250977,1703ad9a,Right Hand,-0.48,-0.12,0.82,-0.26,0.02,-0.1
3.0049710273742676,1703ad9a,Right Hand,-0.48,-0.12,0.82,-0.26,0.02,-0.1
3.0050058364868164,1703ad9a,Right Hand,-0.48,-0.12,0.82,-0.26,0.02,-0.1
3.0050466060638428,1703ad9a,Right Hand,-0.48,-0.12,0.82,-0.26,0.02,-0.1
3.00506854057312,1703ad9a,Right Hand,-0.48,-0.12,0.82,-0.26,0.02,-0.1
3.005086660385132,1703ad9a,Right Hand,-0.48,-0.12,0.82,-0.26,0.02,-0.1
3.005685806274414,1703ad9a,Right Hand,-0.5,-0.13,0.79,-0.17,0.04,-0.12
3.006072521209717,1703ad9a,Right Hand,-0.5,-0.13,0.79,-0.17,0.04,-0.12
3.006488561630249,1703ad9a,Right Hand,-0.5,-0.13,0.79,-0.17,0.04,-0.12
3.006880283355713,1703ad9a,Right Hand,-0.5,-0.13,0.79,-0.17,0.04,-0.12
3.007544755935669,1703ad9a,Right Hand,-0.5,-0.13,0.79,-0.17,0.04,-0.12
3.008344888687134,1703ad9a,Right Hand,-0.5,-0.13,0.79,-0.17,0.04,-0.12
3.064096689224243,1703ad9a,Right Hand,-0.5,-0.13,0.79,-0.17,0.04,-0.12
3.064314603805542,1703ad9a,Right Hand,-0.49,-0.14,0.8,-0.19,0.0,-0.09
3.064344882965088,1703ad9a,Right Hand,-0.49,-0.14,0.8,-0.19,0.0,-0.09
3.0643656253814697,1703ad9a,Right Hand,-0.49,-0.14,0.8,-0.19,0.0,-0.09
3.0644030570983887,1703ad9a,Right Hand,-0.49,-0.14,0.8,-0.19,0.0,-0.09
3.064422130584717,1703ad9a,Right Hand,-0.49,-0.14,0.8,-0.19,0.0,-0.09
3.0644402503967285,1703ad9a,Right Hand,-0.49,-0.14,0.8,-0.19,0.0,-0.09
3.064458131790161,1703ad9a,Right Hand,-0.49,-0.14,0.8,-0.19,0.0,-0.09
3.064476490020752,1703ad9a,Right Hand,-0.49,-0.14,0.8,-0.19,0.0,-0.09
3.064511775970459,1703ad9a,Right Hand,-0.49,-0.18,0.78,-0.24,-0.02,-0.06
3.064540147781372,1703ad9a,Right Hand,-0.49,-0.18,0.78,-0.24,-0.02,-0.06
3.0649805068969727,1703ad9a,Right Hand,-0.49,-0.18,0.78,-0.24,-0.02,-0.06
3.0653886795043945,1703ad9a,Right Hand,-0.49,-0.18,0.78,-0.24,-0.02,-0.06
3.065917491912842,1703ad9a,Right Hand,-0.49,-0.18,0.78,-0.24,-0.02,-0.06
3.0667433738708496,1703ad9a,Right Hand,-0.49,-0.18,0.78,-0.24,-0.02,-0.06
3.067643642425537,1703ad9a,Right Hand,-0.49,-0.18,0.78,-0.24,-0.02,-0.06
3.068209648132324,1703ad9a,Right Hand,-0.5,-0.16,0.78,-0.06,-0.01,-0.09
3.068721294403076,1703ad9a,Right Hand,-0.5,-0.16,0.78,-0.06,-0.01,-0.09
3.0693297386169434,1703ad9a,Right Hand,-0.5,-0.16,0.78,-0.06,-0.01,-0.09
3.0699925422668457,1703ad9a,Right Hand,-0.5,-0.16,0.78,-0.06,-0.01,-0.09
3.071139335632324,1703ad9a,Right Hand,-0.5,-0.16,0.78,-0.06,-0.01,-0.09
3.1229381561279297,1703ad9a,Right Hand,-0.5,-0.16,0.78,-0.06,-0.01,-0.09
3.123063564300537,1703ad9a,Right Hand,-0.5,-0.16,0.78,-0.06,-0.01,-0.09
3.1230854988098145,1703ad9a,Right Hand,-0.49,-0.18,0.79,-0.02,-0.07,-0.08
3.12310528755188,1703ad9a,Right Hand,-0.49,-0.18,0.79,-0.02,-0.07,-0.08
3.1231236457824707,1703ad9a,Right Hand,-0.49,-0.18,0.79,-0.02,-0.07,-0.08
3.1231422424316406,1703ad9a,Right Hand,-0.49,-0.18,0.79,-0.02,-0.07,-0.08
3.123159885406494,1703ad9a,Right Hand,-0.49,-0.18,0.79,-0.02,-0.07,-0.08
3.1232128143310547,1703ad9a,Right Hand,-0.49,-0.18,0.79,-0.02,-0.07,-0.08
3.124940872192383,1703ad9a,Right Hand,-0.49,-0.18,0.79,-0.02,-0.07,-0.08
3.125166177749634,1703ad9a,Right Hand,-0.48,-0.17,0.8,-0.04,-0.09,-0.03
3.125218391418457,1703ad9a,Right Hand,-0.48,-0.17,0.8,-0.04,-0.09,-0.03
3.1258034706115723,1703ad9a,Right Hand,-0.48,-0.17,0.8,-0.04,-0.09,-0.03
3.1262826919555664,1703ad9a,Right Hand,-0.48,-0.17,0.8,-0.04,-0.09,-0.03
3.126753568649292,1703ad9a,Right Hand,-0.48,-0.17,0.8,-0.04,-0.09,-0.03
3.1272668838500977,1703ad9a,Right Hand,-0.48,-0.17,0.8,-0.04,-0.09,-0.03
3.127981424331665,1703ad9a,Right Hand,-0.48,-0.17,0.8,-0.04,-0.09,-0.03
3.128685474395752,1703ad9a,Right Hand,-0.48,-0.16,0.79,-0.04,-0.09,-0.02
3.1291825771331787,1703ad9a,Right Hand,-0.48,-0.16,0.79,-0.04,-0.09,-0.02
3.129645586013794,1703ad9a,Right Hand,-0.48,-0.16,0.79,-0.04,-0.09,-0.02
3.1302058696746826,1703ad9a,Right Hand,-0.48,-0.16,0.79,-0.04,-0.09,-0.02
3.1307051181793213,1703ad9a,Right Hand,-0.48,-0.16,0.79,-0.04,-0.09,-0.02
3.1312789916992188,1703ad9a,Right Hand,-0.48,-0.16,0.79,-0.04,-0.09,-0.02
3.131781816482544,1703ad9a,Right Hand,-0.48,-0.16,0.79,-0.04,-0.09,-0.02
3.132697343826294,1703ad9a,Right Hand,-0.48,-0.14,0.8,-0.0,-0.08,-0.02
3.1336498260498047,1703ad9a,Right Hand,-0.48,-0.14,0.8,-0.0,-0.08,-0.02
3.1953139305114746,1703ad9a,Right Hand,-0.48,-0.14,0.8,-0.0,-0.08,-0.02
3.195559501647949,1703ad9a,Right Hand,-0.48,-0.14,0.8,-0.0,-0.08,-0.02
3.1955912113189697,1703ad9a,Right Hand,-0.48,-0.14,0.8,-0.0,-0.08,-0.02
3.1956255435943604,1703ad9a,Right Hand,-0.48,-0.14,0.8,-0.0,-0.08,-0.02
3.1956448554992676,1703ad9a,Right Hand,-0.48,-0.14,0.8,-0.0,-0.08,-0.02
3.1956639289855957,1703ad9a,Right Hand,-0.47,-0.13,0.82,-0.04,-0.07,-0.02
3.1956818103790283,1703ad9a,Right Hand,-0.47,-0.13,0.82,-0.04,-0.07,-0.02
3.1956992149353027,1703ad9a,Right Hand,-0.47,-0.13,0.82,-0.04,-0.07,-0.02
3.1957168579101562,1703ad9a,Right Hand,-0.47,-0.13,0.82,-0.04,-0.07,-0.02
3.195746898651123,1703ad9a,Right Hand,-0.47,-0.13,0.82,-0.04,-0.07,-0.02
3.195772409439087,1703ad9a,Right Hand,-0.47,-0.13,0.82,-0.04,-0.07,-0.02
3.1957902908325195,1703ad9a,Right Hand,-0.47,-0.13,0.82,-0.04,-0.07,-0.02
3.196479558944702,1703ad9a,Right Hand,-0.48,-0.12,0.81,-0.05,-0.09,-0.04
3.25270676612854,1703ad9a,Right Hand,-0.48,-0.12,0.81,-0.05,-0.09,-0.04
3.2528090476989746,1703ad9a,Right Hand,-0.48,-0.12,0.81,-0.05,-0.09,-0.04
3.252854824066162,1703ad9a,Right Hand,-0.48,-0.12,0.81,-0.05,-0.09,-0.04
3.252873659133911,1703ad9a,Right Hand,-0.48,-0.12,0.81,-0.05,-0.09,-0.04
3.2528929710388184,1703ad9a,Right Hand,-0.48,-0.12,0.81,-0.05,-0.09,-0.04
3.25291109085083,1703ad9a,Right Hand,-0.48,-0.12,0.81,-0.05,-0.09,-0.04
3.252929210662842,1703ad9a,Right Hand,-0.48,-0.12,0.83,0.04,-0.06,-0.08
3.25297212600708,1703ad9a,Right Hand,-0.48,-0.12,0.83,0.04,-0.06,-0.08
3.2529895305633545,1703ad9a,Right Hand,-0.48,-0.12,0.83,0.04,-0.06,-0.08
3.25300669670105,1703ad9a,Right Hand,-0.48,-0.12,0.83,0.04,-0.06,-0.08
3.253051280975342,1703ad9a,Right Hand,-0.48,-0.12,0.83,0.04,-0.06,-0.08
3.2530739307403564,1703ad9a,Right Hand,-0.48,-0.12,0.83,0.04,-0.06,-0.08
3.2535767555236816,1703ad9a,Right Hand,-0.48,-0.12,0.83,0.04,-0.06,-0.08
3.2537803649902344,1703ad9a,Right Hand,-0.47,-0.13,0.84,-0.07,-0.05,-0.05
3.254194498062134,1703ad9a,Right Hand,-0.47,-0.13,0.84,-0.07,-0.05,-0.05
3.2548270225524902,1703ad9a,Right Hand,-0.47,-0.13,0.84,-0.07,-0.05,-0.05
3.255603551864624,1703ad9a,Right Hand,-0.47,-0.13,0.84,-0.07,-0.05,-0.05
3.2561018466949463,1703ad9a,Right Hand,-0.47,-0.13,0.84,-0.07,-0.05,-0.05
3.256636142730713,1703ad9a,Right Hand,-0.47,-0.13,0.84,-0.07,-0.05,-0.05
3.257091522216797,1703ad9a,Right Hand,-0.47,-0.13,0.84,-0.07,-0.05,-0.05
3.257716417312622,1703ad9a,Right Hand,-0.49,-0.14,0.79,-0.14,-0.08,-0.04
3.258349895477295,1703ad9a,Right Hand,-0.49,-0.14,0.79,-0.14,-0.08,-0.04
3.258871555328369,1703ad9a,Right Hand,-0.49,-0.14,0.79,-0.14,-0.08,-0.04
3.259371280670166,1703ad9a,Right Hand,-0.49,-0.14,0.79,-0.14,-0.08,-0.04
3.2602033615112305,1703ad9a,Right Hand,-0.49,-0.14,0.79,-0.14,-0.08,-0.04
3.260840654373169,1703ad9a,Right Hand,-0.49,-0.14,0.79,-0.14,-0.08,-0.04
3.261336326599121,1703ad9a,Right Hand,-0.49,-0.14,0.79,-0.14,-0.08,-0.04
3.261807441711426,1703ad9a,Right Hand,-0.48,-0.16,0.79,-0.04,-0.06,-0.04
3.262269973754883,1703ad9a,Right Hand,-0.48,-0.16,0.79,-0.04,-0.06,-0.04
3.318607807159424,1703ad9a,Right Hand,-0.48,-0.16,0.79,-0.04,-0.06,-0.04
3.3187317848205566,1703ad9a,Right Hand,-0.48,-0.16,0.79,-0.04,-0.06,-0.04
3.318760871887207,1703ad9a,Right Hand,-0.48,-0.16,0.79,-0.04,-0.06,-0.04
3.3187973499298096,1703ad9a,Right Hand,-0.48,-0.16,0.79,-0.04,-0.06,-0.04
3.3188157081604004,1703ad9a,Right Hand,-0.48,-0.16,0.79,-0.04,-0.06,-0.04
3.318833589553833,1703ad9a,Right Hand,-0.47,-0.17,0.83,-0.04,-0.05,-0.02
3.3188512325286865,1703ad9a,Right Hand,-0.47,-0.17,0.83,-0.04,-0.05,-0.02
3.3188700675964355,1703ad9a,Right Hand,-0.47,-0.17,0.83,-0.04,-0.05,-0.02
3.3188893795013428,1703ad9a,Right Hand,-0.47,-0.17,0.83,-0.04,-0.05,-0.02
3.3208255767822266,1703ad9a,Right Hand,-0.47,-0.17,0.83,-0.04,-0.05,-0.02
3.320964813232422,1703ad9a,Right Hand,-0.47,-0.17,0.83,-0.04,-0.05,-0.02
3.3214783668518066,1703ad9a,Right Hand,-0.47,-0.17,0.83,-0.04,-0.05,-0.02
3.3219196796417236,1703ad9a,Right Hand,-0.49,-0.17,0.81,-0.01,-0.06,-0.02
3.374180316925049,1703ad9a,Right Hand,-0.49,-0.17,0.81,-0.01,-0.06,-0.02
3.374302387237549,1703ad9a,Right Hand,-0.49,-0.17,0.81,-0.01,-0.06,-0.02
3.3743255138397217,1703ad9a,Right Hand,-0.49,-0.17,0.81,-0.01,-0.06,-0.02
3.374345064163208,1703ad9a,Right Hand,-0.49,-0.17,0.81,-0.01,-0.06,-0.02
3.374363422393799,1703ad9a,Right Hand,-0.49,-0.17,0.81,-0.01,-0.06,-0.02
3.374382257461548,1703ad9a,Right Hand,-0.49,-0.17,0.81,-0.01,-0.06,-0.02
3.374417304992676,1703ad9a,Right Hand,-0.47,-0.12,0.84,-0.02,-0.08,-0.01
3.37443470954895,1703ad9a,Right Hand,-0.47,-0.12,0.84,-0.02,-0.08,-0.01
3.3744754791259766,1703ad9a,Right Hand,-0.47,-0.12,0.84,-0.02,-0.08,-0.01
3.376262903213501,1703ad9a,Right Hand,-0.47,-0.12,0.84,-0.02,-0.08,-0.01
3.3763322830200195,1703ad9a,Right Hand,-0.47,-0.12,0.84,-0.02,-0.08,-0.01
3.3764495849609375,1703ad9a,Right Hand,-0.47,-0.12,0.84,-0.02,-0.08,-0.01
3.3771586418151855,1703ad9a,Right Hand,-0.47,-0.12,0.84,-0.02,-0.08,-0.01
3.377871513366699,1703ad9a,Right Hand,-0.47,-0.12,0.83,-0.1,-0.06,0.01
3.3786725997924805,1703ad9a,Right Hand,-0.47,-0.12,0.83,-0.1,-0.06,0.01
3.3795909881591797,1703ad9a,Right Hand,-0.47,-0.12,0.83,-0.1,-0.06,0.01
3.380101203918457,1703ad9a,Right Hand,-0.47,-0.12,0.83,-0.1,-0.06,0.01
3.3805630207061768,1703ad9a,Right Hand,-0.47,-0.12,0.83,-0.1,-0.06,0.01
3.38100004196167,1703ad9a,Right Hand,-0.47,-0.12,0.83,-0.1,-0.06,0.01
3.3816823959350586,1703ad9a,Right Hand,-0.47,-0.12,0.83,-0.1,-0.06,0.01
3.38250732421875,1703ad9a,Right Hand,-0.47,-0.12,0.83,-0.1,-0.02,-0.03
3.3830161094665527,1703ad9a,Right Hand,-0.47,-0.12,0.83,-0.1,-0.02,-0.03
3.38352632522583,1703ad9a,Right Hand,-0.47,-0.12,0.83,-0.1,-0.02,-0.03
3.386190414428711,1703ad9a,Right Hand,-0.47,-0.12,0.83,-0.1,-0.02,-0.03
3.4395203590393066,1703ad9a,Right Hand,-0.47,-0.12,0.83,-0.1,-0.02,-0.03
3.4396347999572754,1703ad9a,Right Hand,-0.47,-0.12,0.83,-0.1,-0.02,-0.03
3.4396581649780273,1703ad9a,Right Hand,-0.47,-0.12,0.83,-0.1,-0.02,-0.03
3.439685821533203,1703ad9a,Right Hand,-0.47,-0.13,0.82,-0.06,-0.04,-0.04
3.4397053718566895,1703ad9a,Right Hand,-0.47,-0.13,0.82,-0.06,-0.04,-0.04
3.4397246837615967,1703ad9a,Right Hand,-0.47,-0.13,0.82,-0.06,-0.04,-0.04
3.4397428035736084,1703ad9a,Right Hand,-0.47,-0.13,0.82,-0.06,-0.04,-0.04
3.439760684967041,1703ad9a,Right Hand,-0.47,-0.13,0.82,-0.06,-0.04,-0.04
3.441662549972534,1703ad9a,Right Hand,-0.47,-0.13,0.82,-0.06,-0.04,-0.04
3.4417500495910645,1703ad9a,Right Hand,-0.47,-0.13,0.82,-0.06,-0.04,-0.04
3.4422354698181152,1703ad9a,Right Hand,-0.47,-0.14,0.81,-0.13,-0.02,-0.04
3.442633867263794,1703ad9a,Right Hand,-0.47,-0.14,0.81,-0.13,-0.02,-0.04
3.442998170852661,1703ad9a,Right Hand,-0.47,-0.14,0.81,-0.13,-0.02,-0.04
3.443425416946411,1703ad9a,Right Hand,-0.47,-0.14,0.81,-0.13,-0.02,-0.04
3.4439539909362793,1703ad9a,Right Hand,-0.47,-0.14,0.81,-0.13,-0.02,-0.04
3.4444022178649902,1703ad9a,Right Hand,-0.47,-0.14,0.81,-0.13,-0.02,-0.04
3.445096254348755,1703ad9a,Right Hand,-0.47,-0.14,0.81,-0.13,-0.02,-0.04
3.448047637939453,1703ad9a,Right Hand,-0.46,-0.13,0.81,-0.08,-0.02,-0.04
3.4509570598602295,1703ad9a,Right Hand,-0.46,-0.13,0.81,-0.08,-0.02,-0.04
3.5072453022003174,1703ad9a,Right Hand,-0.46,-0.13,0.81,-0.08,-0.02,-0.04
3.507368326187134,1703ad9a,Right Hand,-0.46,-0.13,0.81,-0.08,-0.02,-0.04
3.5074071884155273,1703ad9a,Right Hand,-0.46,-0.13,0.81,-0.08,-0.02,-0.04
3.5074260234832764,1703ad9a,Right Hand,-0.46,-0.13,0.81,-0.08,-0.02,-0.04
3.507443904876709,1703ad9a,Right Hand,-0.46,-0.13,0.81,-0.08,-0.02,-0.04
3.5074620246887207,1703ad9a,Right Hand,-0.47,-0.14,0.8,-0.12,-0.06,-0.03
3.507479429244995,1703ad9a,Right Hand,-0.47,-0.14,0.8,-0.12,-0.06,-0.03
3.507507801055908,1703ad9a,Right Hand,-0.47,-0.14,0.8,-0.12,-0.06,-0.03
3.5075266361236572,1703ad9a,Right Hand,-0.47,-0.14,0.8,-0.12,-0.06,-0.03
3.5095837116241455,1703ad9a,Right Hand,-0.47,-0.14,0.8,-0.12,-0.06,-0.03
3.5096867084503174,1703ad9a,Right Hand,-0.47,-0.14,0.8,-0.12,-0.06,-0.03
3.5614349842071533,1703ad9a,Right Hand,-0.47,-0.14,0.8,-0.12,-0.06,-0.03
3.5615386962890625,1703ad9a,Right Hand,-0.48,-0.13,0.8,-0.18,-0.06,-0.01
3.5615601539611816,1703ad9a,Right Hand,-0.48,-0.13,0.8,-0.18,-0.06,-0.01
3.561579465866089,1703ad9a,Right Hand,-0.48,-0.13,0.8,-0.18,-0.06,-0.01
3.561598300933838,1703ad9a,Right Hand,-0.48,-0.13,0.8,-0.18,-0.06,-0.01
3.561633348464966,1703ad9a,Right Hand,-0.48,-0.13,0.8,-0.18,-0.06,-0.01
3.5616512298583984,1703ad9a,Right Hand,-0.48,-0.13,0.8,-0.18,-0.06,-0.01
3.56325101852417,1703ad9a,Right Hand,-0.48,-0.13,0.8,-0.18,-0.06,-0.01
3.5634098052978516,1703ad9a,Right Hand,-0.47,-0.14,0.82,-0.1,-0.06,-0.03
3.5635733604431152,1703ad9a,Right Hand,-0.47,-0.14,0.82,-0.1,-0.06,-0.03
3.5643744468688965,1703ad9a,Right Hand,-0.47,-0.14,0.82,-0.1,-0.06,-0.03
3.5651237964630127,1703ad9a,Right Hand,-0.47,-0.14,0.82,-0.1,-0.06,-0.03
3.565732717514038,1703ad9a,Right Hand,-0.47,-0.14,0.82,-0.1,-0.06,-0.03
3.566138505935669,1703ad9a,Right Hand,-0.47,-0.14,0.82,-0.1,-0.06,-0.03
3.566526174545288,1703ad9a,Right Hand,-0.47,-0.14,0.82,-0.1,-0.06,-0.03
3.566988229751587,1703ad9a,Right Hand,-0.48,-0.16,0.8,-0.08,-0.05,-0.05
3.5675230026245117,1703ad9a,Right Hand,-0.48,-0.16,0.8,-0.08,-0.05,-0.05
3.5680747032165527,1703ad9a,Right Hand,-0.48,-0.16,0.8,-0.08,-0.05,-0.05
3.568627119064331,1703ad9a,Right Hand,-0.48,-0.16,0.8,-0.08,-0.05,-0.05
3.569596529006958,1703ad9a,Right Hand,-0.48,-0.16,0.8,-0.08,-0.05,-0.05
3.5704941749572754,1703ad9a,Right Hand,-0.48,-0.16,0.8,-0.08,-0.05,-0.05
3.57112193107605,1703ad9a,Right Hand,-0.48,-0.16,0.8,-0.08,-0.05,-0.05
3.5722885131835938,1703ad9a,Right Hand,-0.49,-0.16,0.81,-0.07,-0.06,-0.05
3.6308979988098145,1703ad9a,Right Hand,-0.49,-0.16,0.81,-0.07,-0.06,-0.05
3.6309990882873535,1703ad9a,Right Hand,-0.49,-0.16,0.81,-0.07,-0.06,-0.05
3.6310205459594727,1703ad9a,Right Hand,-0.49,-0.16,0.81,-0.07,-0.06,-0.05
3.6310408115386963,1703ad9a,Right Hand,-0.49,-0.16,0.81,-0.07,-0.06,-0.05
3.6310765743255615,1703ad9a,Right Hand,-0.49,-0.16,0.81,-0.07,-0.06,-0.05
3.631094455718994,1703ad9a,Right Hand,-0.49,-0.16,0.81,-0.07,-0.06,-0.05
3.6311120986938477,1703ad9a,Right Hand,-0.48,-0.17,0.82,0.02,-0.08,-0.08
3.631129026412964,1703ad9a,Right Hand,-0.48,-0.17,0.82,0.02,-0.08,-0.08
3.631145715713501,1703ad9a,Right Hand,-0.48,-0.17,0.82,0.02,-0.08,-0.08
3.63116717338562,1703ad9a,Right Hand,-0.48,-0.17,0.82,0.02,-0.08,-0.08
3.63468861579895,1703ad9a,Right Hand,-0.48,-0.17,0.82,0.02,-0.08,-0.08
3.635045289993286,1703ad9a,Right Hand,-0.48,-0.17,0.82,0.02,-0.08,-0.08
3.635211944580078,1703ad9a,Right Hand,-0.48,-0.17,0.82,0.02,-0.08,-0.08
3.635349750518799,1703ad9a,Right Hand,-0.46,-0.15,0.84,0.0,-0.09,-0.05
3.6354081630706787,1703ad9a,Right Hand,-0.46,-0.15,0.84,0.0,-0.09,-0.05
3.691333293914795,1703ad9a,Right Hand,-0.46,-0.15,0.84,0.0,-0.09,-0.05
3.691451072692871,1703ad9a,Right Hand,-0.46,-0.15,0.84,0.0,-0.09,-0.05
3.691477060317993,1703ad9a,Right Hand,-0.46,-0.15,0.84,0.0,-0.09,-0.05
3.6914966106414795,1703ad9a,Right Hand,-0.46,-0.15,0.84,0.0,-0.09,-0.05
3.691532850265503,1703ad9a,Right Hand,-0.46,-0.15,0.84,0.0,-0.09,-0.05
3.6915507316589355,1703ad9a,Right Hand,-0.46,-0.15,0.83,-0.05,-0.04,0.0
3.6915690898895264,1703ad9a,Right Hand,-0.46,-0.15,0.83,-0.05,-0.04,0.0
3.691598653793335,1703ad9a,Right Hand,-0.46,-0.15,0.83,-0.05,-0.04,0.0
3.691619873046875,1703ad9a,Right Hand,-0.46,-0.15,0.83,-0.05,-0.04,0.0
3.691659450531006,1703ad9a,Right Hand,-0.46,-0.15,0.83,-0.05,-0.04,0.0
3.691943407058716,1703ad9a,Right Hand,-0.46,-0.15,0.83,-0.05,-0.04,0.0
3.692746162414551,1703ad9a,Right Hand,-0.46,-0.15,0.83,-0.05,-0.04,0.0
3.6937992572784424,1703ad9a,Right Hand,-0.48,-0.15,0.81,-0.06,-0.04,-0.02
3.694030523300171,1703ad9a,Right Hand,-0.48,-0.15,0.81,-0.06,-0.04,-0.02
3.6948156356811523,1703ad9a,Right Hand,-0.48,-0.15,0.81,-0.06,-0.04,-0.02
3.694976568222046,1703ad9a,Right Hand,-0.48,-0.15,0.81,-0.06,-0.04,-0.02
3.746657609939575,1703ad9a,Right Hand,-0.48,-0.15,0.81,-0.06,-0.04,-0.02
3.7489020824432373,1703ad9a,Right Hand,-0.48,-0.15,0.81,-0.06,-0.04,-0.02
3.7489750385284424,1703ad9a,Right Hand,-0.48,-0.15,0.81,-0.06,-0.04,-0.02
3.748997211456299,1703ad9a,Right Hand,-0.47,-0.15,0.83,0.01,-0.04,-0.04
3.749016523361206,1703ad9a,Right Hand,-0.47,-0.15,0.83,0.01,-0.04,-0.04
3.7490360736846924,1703ad9a,Right Hand,-0.47,-0.15,0.83,0.01,-0.04,-0.04
3.749053955078125,1703ad9a,Right Hand,-0.47,-0.15,0.83,0.01,-0.04,-0.04
3.7490885257720947,1703ad9a,Right Hand,-0.47,-0.15,0.83,0.01,-0.04,-0.04
3.7491061687469482,1703ad9a,Right Hand,-0.47,-0.15,0.83,0.01,-0.04,-0.04
3.7491238117218018,1703ad9a,Right Hand,-0.47,-0.15,0.83,0.01,-0.04,-0.04
3.749210834503174,1703ad9a,Right Hand,-0.46,-0.15,0.83,-0.06,-0.01,0.0
3.749236822128296,1703ad9a,Right Hand,-0.46,-0.15,0.83,-0.06,-0.01,0.0
3.7494614124298096,1703ad9a,Right Hand,-0.46,-0.15,0.83,-0.06,-0.01,0.0
3.7501392364501953,1703ad9a,Right Hand,-0.46,-0.15,0.83,-0.06,-0.01,0.0
3.7506613731384277,1703ad9a,Right Hand,-0.46,-0.15,0.83,-0.06,-0.01,0.0
3.7512683868408203,1703ad9a,Right Hand,-0.46,-0.15,0.83,-0.06,-0.01,0.0
3.7519147396087646,1703ad9a,Right Hand,-0.46,-0.15,0.83,-0.06,-0.01,0.0
3.752561569213867,1703ad9a,Right Hand,-0.48,-0.13,0.82,-0.18,-0.05,0.03
3.753236770629883,1703ad9a,Right Hand,-0.48,-0.13,0.82,-0.18,-0.05,0.03
3.7538838386535645,1703ad9a,Right Hand,-0.48,-0.13,0.82,-0.18,-0.05,0.03
3.7544898986816406,1703ad9a,Right Hand,-0.48,-0.13,0.82,-0.18,-0.05,0.03
3.7549972534179688,1703ad9a,Right Hand,-0.48,-0.13,0.82,-0.18,-0.05,0.03
3.755469560623169,1703ad9a,Right Hand,-0.48,-0.13,0.82,-0.18,-0.05,0.03
3.758234977722168,1703ad9a,Right Hand,-0.48,-0.13,0.82,-0.18,-0.05,0.03
3.761079788208008,1703ad9a,Right Hand,-0.46,-0.16,0.79,-0.11,-0.03,-0.0
3.766274929046631,1703ad9a,Right Hand,-0.46,-0.16,0.79,-0.11,-0.03,-0.0
3.825167655944824,1703ad9a,Right Hand,-0.46,-0.16,0.79,-0.11,-0.03,-0.0
3.825282096862793,1703ad9a,Right Hand,-0.46,-0.16,0.79,-0.11,-0.03,-0.0
3.8253047466278076,1703ad9a,Right Hand,-0.46,-0.16,0.79,-0.11,-0.03,-0.0
3.8253238201141357,1703ad9a,Right Hand,-0.46,-0.16,0.79,-0.11,-0.03,-0.0
3.8253591060638428,1703ad9a,Right Hand,-0.46,-0.16,0.79,-0.11,-0.03,-0.0
3.8253777027130127,1703ad9a,Right Hand,-0.46,-0.17,0.81,0.01,-0.04,0.0
3.825395345687866,1703ad9a,Right Hand,-0.46,-0.17,0.81,0.01,-0.04,0.0
3.825413703918457,1703ad9a,Right Hand,-0.46,-0.17,0.81,0.01,-0.04,0.0
3.825432300567627,1703ad9a,Right Hand,-0.46,-0.17,0.81,0.01,-0.04,0.0
3.8254661560058594,1703ad9a,Right Hand,-0.46,-0.17,0.81,0.01,-0.04,0.0
3.825507879257202,1703ad9a,Right Hand,-0.46,-0.17,0.81,0.01,-0.04,0.0
3.825563669204712,1703ad9a,Right Hand,-0.46,-0.17,0.81,0.01,-0.04,0.0
3.825591564178467,1703ad9a,Right Hand,-0.48,-0.15,0.8,-0.07,-0.03,0.02
